Player,Nation,Pos,Age,MP,Starts,Min,nineties,Gls,Ast,PK,PKatt,CrdY,CrdR,xG,npxG,xAG,PrgC,PrgP,PrgR,Gls_pr90,Ast_pr90,xG_pr90,xAG_pr90,npxG_pr90,team,base_salary,guaranteed_compensation
Alan Franco,ARG,DF,25,31,31,2714,30.2,1,2,0,0,3,0,1,1,1.3,25,121,3,0.03,0.07,0.03,0.04,0.03,Atlanta United,5.4,66.75
Thiago Almada,ARG,"MF,FW",20,29,25,2372,26.4,6,7,0,0,4,1,6,6,7.6,94,221,185,0.23,0.27,0.23,0.29000000000000004,0.23,Atlanta United,16.5,233.2
Ronaldo Cisneros,MEX,FW,25,28,23,1725,19.2,7,1,0,0,1,0,8.4,8.4,1.3,27,17,97,0.37,0.05,0.44,0.07,0.44,Atlanta United,2.44,24.4
Brooks Lennon,USA,"DF,FW",24,25,22,2033,22.6,2,6,0,0,1,0,1.8,1.8,7.9,61,67,236,0.09,0.27,0.08,0.35,0.08,Atlanta United,5,50
Andrew Gutman,USA,DF,25,25,22,1962,21.8,4,1,0,0,5,0,4.4,4.4,1.5,51,84,101,0.18,0.05,0.2,0.07,0.2,Atlanta United,3,33.125
Matheus Rossetto,BRA,MF,25,24,19,1602,17.8,0,1,0,0,0,0,0.6,0.6,0.9,27,117,33,0,0.06,0.04,0.05,0.04,Atlanta United,5.5,66.25
Marcelino Moreno,ARG,"MF,FW",27,30,18,1767,19.6,2,5,0,1,4,0,3.6,3.3,5.5,109,146,135,0.1,0.25,0.18,0.28,0.17,Atlanta United,4.6,56.8333
Caleb Wiley,USA,"DF,FW",17,26,18,1497,16.6,1,1,0,0,1,0,1.3,1.3,2.4,58,44,139,0.06,0.06,0.08,0.15000000000000002,0.08,Atlanta United,0.655,6.71
Amar Sejdic,USA,MF,25,23,18,1306,14.5,0,1,0,0,5,0,0.4,0.4,1.7,7,71,28,0,0.07,0.03,0.12000000000000001,0.03,Atlanta United,0.85444,8.5444
George Campbell,USA,DF,20,20,16,1476,16.4,0,0,0,0,3,0,0.7,0.7,0.7,21,63,6,0,0,0.04,0.05,0.04,Atlanta United,0.98,9.8
Santiago Sosa,ARG,MF,22,21,15,1409,15.7,1,0,0,0,5,0,1.2,1.2,0.9,15,146,13,0.06,0,0.08,0.06,0.08,Atlanta United,5.25,64.31
Franco Ibarra,ARG,MF,20,20,11,979,10.9,0,1,0,0,5,0,0.6,0.6,1,4,45,12,0,0.09,0.05,0.09,0.05,Atlanta United,4.5,52
Miles Robinson,USA,DF,24,9,8,659,7.3,0,0,0,0,3,1,0.4,0.4,0.1,5,37,1,0,0,0.05,0.02,0.05,Atlanta United,7,73.75
Aiden McFadden,USA,DF,23,11,8,639,7.1,0,0,0,0,2,0,0.2,0.2,1.5,20,14,49,0,0,0.03,0.21000000000000002,0.03,Atlanta United,0.655,6.55
Brad Guzan,USA,GK,37,7,7,612,6.8,0,0,0,0,0,0,0,0,0,0,0,0,0,0,0,0,0,Atlanta United,4.45716,45.8216
Raúl Gudiño,MEX,GK,25,6,6,495,5.5,0,0,0,0,0,0,0,0,0,0,0,0,0,0,0.01,0,0.01,Atlanta United,2,24.7333
Dom Dwyer,USA,FW,31,22,5,617,6.9,4,0,0,0,6,1,3.9,3.9,0.6,6,12,41,0.58,0,0.5700000000000001,0.09,0.5700000000000001,Atlanta United,0.84,8.4
Osvaldo Alonso,CUB,MF,36,4,4,331,3.7,0,0,0,0,2,0,0,0,0,3,27,6,0,0,0.01,0.01,0.01,Atlanta United,0.84,8.4
Tyler Wolff,USA,"FW,MF",18,5,4,253,2.8,0,0,0,0,0,0,0.3,0.3,0.2,1,9,16,0,0,0.11,0.06,0.11,Atlanta United,1.1,11.45
Emerson Hyndman,USA,MF,25,9,2,288,3.2,0,0,0,0,0,0,0.7,0.7,0.1,1,27,8,0,0,0.21000000000000002,0.03,0.21000000000000002,Atlanta United,6.57143,65.7143
Edwin Mosquera,COL,"FW,DF",20,12,1,312,3.5,0,2,0,0,3,0,0.5,0.5,0.9,19,7,52,0,0.58,0.16,0.26,0.16,Atlanta United,3,33.7
Jake Mulraney,IRL,"FW,DF",25,7,1,184,2,1,0,0,0,0,0,0.2,0.2,0.1,8,2,18,0.49,0,0.11,0.03,0.11,Atlanta United,3.016,33.8777
Mikey Ambrose,USA,DF,28,2,0,46,0.5,0,0,0,0,0,0,0.1,0.1,0,2,1,1,0,0,0.13,0,0.13,Atlanta United,0.85444,8.5444
Jackson Conway,USA,"FW,MF",20,3,0,36,0.4,0,0,0,0,1,0,0.4,0.4,0,0,0,2,0,0,0.98,0.06,0.98,Atlanta United,0.84,8.4
Dylan Castanheira,USA,GK,26,0,0,NA,NA,NA,NA,NA,NA,NA,NA,NA,NA,NA,NA,NA,NA,NA,NA,NA,NA,NA,Atlanta United,0.85444,8.5444
Justin Garces,USA,GK,21,0,0,NA,NA,NA,NA,NA,NA,NA,NA,NA,NA,NA,NA,NA,NA,NA,NA,NA,NA,NA,Atlanta United,0.655,6.55
Alexander Ring,FIN,MF,30,34,32,2780,30.9,4,3,0,0,7,0,5,5,3.3,41,177,118,0.13,0.1,0.16,0.11,0.16,Austin FC,15,164
Ruben Gabrielsen,NOR,DF,29,33,31,2737,30.4,2,1,0,0,3,0,1.1,1.1,0.9,18,102,6,0.07,0.03,0.04,0.03,0.04,Austin FC,9.5,95
Julio Cascante,CRC,DF,28,32,31,2714,30.2,3,2,0,0,6,0,3.8,3.8,0.9,22,143,11,0.1,0.07,0.13,0.03,0.13,Austin FC,3.1,33.75
Brad Stuver,USA,GK,30,31,31,2708,30.1,0,0,0,0,2,0,0,0,0,0,3,0,0,0,0,0,0,Austin FC,1.75,18.5
Maximiliano Urruti,ARG,FW,30,32,28,2184,24.3,9,0,0,0,6,0,6.3,6.3,1.3,25,28,78,0.37,0,0.26,0.05,0.26,Austin FC,6.25,66.125
Nick Lima,USA,DF,27,34,25,2344,26,0,4,0,0,3,0,0.8,0.8,2.6,38,89,68,0,0.15000000000000002,0.03,0.1,0.03,Austin FC,3.5,35
Jon Gallagher,IRL,DF,25,32,23,2127,23.6,1,4,0,0,3,0,0.4,0.4,1.9,64,109,79,0.04,0.17,0.02,0.08,0.02,Austin FC,1.55,15.5
Ethan Finlay,USA,FW,31,34,21,1823,20.3,5,5,0,0,0,0,4.5,4.5,3.1,32,33,186,0.25,0.25,0.22,0.15000000000000002,0.22,Austin FC,3.5,35
Owen Wolff,USA,"FW,MF",17,24,11,913,10.1,0,1,0,0,1,0,0.3,0.3,1.6,18,32,67,0,0.1,0.03,0.16,0.03,Austin FC,0.655,7.8553
Jhojan Valencia,COL,MF,25,13,4,471,5.2,0,1,0,0,5,0,0,0,0.2,2,20,0,0,0.19,0,0.05,0,Austin FC,3.55,40.0125
Moussa Djitte,SEN,FW,22,17,3,462,5.1,4,2,0,0,2,1,2.6,2.6,0.7,6,2,19,0.7799999999999999,0.39,0.51,0.14,0.51,Austin FC,5.5,55
Danny Hoesen,NED,FW,31,14,3,382,4.2,3,0,0,0,0,0,2.3,2.3,0.5,3,1,9,0.71,0,0.54,0.11,0.54,Austin FC,6.5,71.6667
Andrew Tarbell,USA,GK,28,4,3,352,3.9,0,0,0,0,0,0,0,0,0,0,0,0,0,0,0,0,0,Austin FC,3,30.8333
Kipp Keller,USA,DF,21,6,3,318,3.5,0,0,0,0,4,1,0,0,0,0,11,0,0,0,0,0.01,0,Austin FC,0.84,9.65
Emiliano Rigoni,ARG,FW,28,7,3,283,3.1,0,0,0,0,0,0,0.1,0.1,1.1,7,4,29,0,0,0.04,0.35,0.04,Austin FC,18.46152,229.4152
Rodney Redes,PAR,"FW,MF",21,12,0,172,1.9,0,0,0,0,1,0,0.4,0.4,0,4,7,23,0,0,0.19,0,0.19,Austin FC,4.125,41.25
Washington Corozo,ECU,"MF,FW",23,3,0,51,0.6,0,1,0,0,0,0,0.2,0.2,0.6,1,1,4,0,1.76,0.32,1.06,0.32,Austin FC,3,32.75
Jared Stroud,USA,"MF,FW",25,5,0,45,0.5,0,0,0,0,0,0,0,0,0,0,0,1,0,0,0,0,0,Austin FC,0.84,8.4
Damian Las,USA,GK,19,0,0,NA,NA,NA,NA,NA,NA,NA,NA,NA,NA,NA,NA,NA,NA,NA,NA,NA,NA,NA,Austin FC,0.655,6.55
Joel Waterman,CAN,DF,26,30,30,2671,29.7,3,2,0,0,12,0,2.7,2.7,1.5,21,144,14,0.1,0.07,0.09,0.05,0.09,CF Montreal,1.25,13.3909
Alistair Johnston,CAN,DF,23,33,30,2646,29.4,4,4,0,0,5,0,1.3,1.3,3.2,49,121,180,0.14,0.14,0.04,0.11,0.04,CF Montreal,4,44.5625
Victor Wanyama,KEN,MF,30,32,30,2633,29.3,1,3,0,0,8,0,3,3,2.9,32,185,33,0.03,0.1,0.1,0.1,0.1,CF Montreal,24,309.1667
Rudy Camacho,FRA,DF,30,28,28,2478,27.5,1,0,0,0,6,0,0.8,0.8,0.6,18,107,6,0.04,0,0.03,0.02,0.03,CF Montreal,5,55.4
Kamal Miller,CAN,DF,24,27,26,2295,25.5,2,3,0,0,5,1,2.8,2.8,2.3,32,186,34,0.08,0.12000000000000001,0.11,0.09,0.11,CF Montreal,3,34.5
Lassi Lappalainen,FIN,"DF,MF",23,28,26,1928,21.4,3,5,0,0,1,0,3.8,3.8,3.2,79,95,223,0.14,0.23,0.18,0.15000000000000002,0.18,CF Montreal,5.1,54
Djordje Mihailovic,USA,"MF,FW",23,27,25,1998,22.2,9,4,0,0,5,0,6,6,7.1,51,118,163,0.41000000000000003,0.18,0.27,0.32,0.27,CF Montreal,7,75.1875
Romell Quioto,HON,FW,30,30,24,2045,22.7,15,5,4,5,5,1,14.8,10.9,4.4,60,35,224,0.6599999999999999,0.22,0.65,0.19,0.48000000000000004,CF Montreal,8,88.5
Sebastian Breza,CAN,GK,23,23,23,2070,23,0,0,0,0,2,0,0,0,0,0,2,0,0,0,0,0,0,CF Montreal,0.84,8.4
Samuel Piette,CAN,MF,27,26,16,1490,16.6,0,3,0,0,5,0,0.3,0.3,1.4,15,117,22,0,0.18,0.02,0.08,0.02,CF Montreal,4,42.975
Mathieu Choiniere,CAN,"DF,MF",22,26,15,1379,15.3,2,0,0,0,1,0,1.1,1.1,1,28,65,97,0.13,0,0.07,0.06,0.07,CF Montreal,1.25,13.4238
Kei Kamara,SLE,FW,37,32,14,1561,17.3,9,7,0,0,1,0,6.6,6.6,2.6,27,31,106,0.52,0.4,0.38,0.15000000000000002,0.38,CF Montreal,0.84,9.4
Gabriele Corbo,ITA,DF,22,14,13,1132,12.6,0,0,0,0,3,0,0.3,0.3,0.6,4,54,1,0,0,0.02,0.05,0.02,CF Montreal,1.20192,12.0192
James Pantemis,CAN,GK,24,11,11,990,11,0,0,0,0,0,0,0,0,0,0,0,0,0,0,0,0,0,CF Montreal,1.45,16.0833
Mason Toye,USA,FW,23,18,8,726,8.1,2,0,0,0,1,0,3.1,3.1,0.3,10,10,54,0.25,0,0.38,0.03,0.38,CF Montreal,5,55.8
Matko Miljevic,USA,"MF,FW",20,22,6,694,7.7,1,1,1,1,3,0,2.3,1.5,1.6,26,46,44,0.13,0.13,0.3,0.2,0.19,CF Montreal,5.45455,59.3364
Zachary Brault-Guillard,CAN,DF,23,18,5,629,7,4,2,0,0,1,0,1.2,1.2,1.6,21,30,63,0.5700000000000001,0.29000000000000004,0.17,0.23,0.17,CF Montreal,2.75,31.9375
Ahmed Hamdi,EGY,MF,23,9,3,332,3.7,0,1,0,0,2,0,0.4,0.4,0.3,4,10,16,0,0.27,0.11,0.09,0.11,CF Montreal,4.75,57.25
Jojea Kwizera,CGO,"DF,MF",23,8,3,276,3.1,0,1,0,0,1,0,0.1,0.1,0.1,15,18,46,0,0.32999999999999996,0.03,0.02,0.03,CF Montreal,0.655,6.55
Sunusi Ibrahim,NGA,"MF,FW",19,6,3,236,2.6,0,0,0,0,0,0,0.2,0.2,0.2,7,5,22,0,0,0.08,0.08,0.08,CF Montreal,2,29.125
Zorhan Bassong,CAN,DF,22,10,1,188,2.1,0,0,0,0,1,0,0.1,0.1,0.3,7,6,17,0,0,0.05,0.15000000000000002,0.05,CF Montreal,1.25,13.75
Rida Zouhir,CAN,MF,18,5,1,122,1.4,0,0,0,0,1,0,0.1,0.1,0.6,5,3,5,0,0,0.07,0.43000000000000005,0.07,CF Montreal,0.66724000000000006,7.4809
Keesean Ferdinand,CAN,DF,18,0,0,NA,NA,NA,NA,NA,NA,NA,NA,NA,NA,NA,NA,NA,NA,NA,NA,NA,NA,NA,CF Montreal,0.89716,9.9936
Tomas Giraldo,CAN,MF,18,0,0,NA,NA,NA,NA,NA,NA,NA,NA,NA,NA,NA,NA,NA,NA,NA,NA,NA,NA,NA,CF Montreal,1.1,12.1
Logan Ketterer,USA,GK,28,0,0,NA,NA,NA,NA,NA,NA,NA,NA,NA,NA,NA,NA,NA,NA,NA,NA,NA,NA,NA,CF Montreal,0.84,8.4
Brandt Bronico,USA,MF,26,34,32,2812,31.2,1,1,0,0,7,0,1.7,1.7,0.6,31,141,44,0.03,0.03,0.06,0.02,0.06,Charlotte FC,1.25,13.433
Kristijan Kahlina,CRO,GK,29,31,31,2790,31,0,0,0,0,1,0,0,0,0,0,1,0,0,0,0,0,0,Charlotte FC,4.25,45.1875
Karol Świderski,POL,"FW,MF",25,30,29,2458,27.3,10,4,0,0,3,0,9.2,9.2,2.8,33,59,141,0.37,0.15000000000000002,0.33999999999999997,0.1,0.33999999999999997,Charlotte FC,22,225.8
Christian Fuchs,AUT,DF,35,26,22,1943,21.6,3,0,3,3,3,2,3.2,0.9,0.5,14,117,27,0.14,0,0.15000000000000002,0.02,0.04,Charlotte FC,3.75,37.5
Anton Walkes,ENG,DF,24,23,21,1806,20.1,0,0,0,0,1,0,0.2,0.2,0,3,54,4,0,0,0.01,0,0.01,Charlotte FC,3.25,35.3594
Joseph Mora,CRC,DF,29,23,18,1716,19.1,0,0,0,0,2,0,0.1,0.1,1.2,18,89,44,0,0,0.01,0.06,0.01,Charlotte FC,2,20
Jaylin Lindsey,USA,DF,21,26,18,1669,18.5,0,1,0,0,2,0,0.2,0.2,1.7,34,89,71,0,0.05,0.01,0.09,0.01,Charlotte FC,2,23.5625
Harrison Afful,GHA,DF,35,21,15,1306,14.5,0,0,0,0,4,0,0.5,0.5,0.4,20,98,27,0,0,0.03,0.03,0.03,Charlotte FC,3,33.25
Kamil Jóźwiak,POL,"FW,MF",23,19,13,1151,12.8,0,3,0,0,4,0,1.7,1.7,2.7,35,39,114,0,0.23,0.13,0.21000000000000002,0.13,Charlotte FC,9,101.7
McKinze Gaines,USA,"MF,FW",23,24,11,1073,11.9,1,4,0,0,3,0,1.8,1.8,4,61,24,131,0.08,0.33999999999999997,0.15000000000000002,0.32999999999999996,0.15000000000000002,Charlotte FC,0.84,8.675
Jordy Alcivar,ECU,MF,22,20,10,1019,11.3,1,1,0,0,5,0,0.8,0.8,1.7,15,36,19,0.09,0.09,0.07,0.15000000000000002,0.07,Charlotte FC,2.35,32.56
Derrick Jones,USA,MF,24,16,10,944,10.5,1,0,0,0,3,0,1.4,1.4,0.1,7,31,9,0.1,0,0.13,0.01,0.13,Charlotte FC,1.85,20.7969
Yordy Reyna,PER,"MF,FW",28,19,10,845,9.4,3,3,0,0,1,0,2.2,2.2,2,26,37,76,0.32,0.32,0.23,0.21000000000000002,0.23,Charlotte FC,7.975,79.75
Quinn McNeill,USA,MF,23,11,10,664,7.4,1,1,0,0,2,0,0.5,0.5,0.2,11,19,22,0.14,0.14,0.07,0.03,0.07,Charlotte FC,0.655,6.55
Alan Franco,ECU,MF,23,10,9,782,8.7,0,1,0,0,2,0,0.8,0.8,0.6,4,30,35,0,0.12000000000000001,0.09,0.07,0.09,Charlotte FC,5.4,66.75
Christian Makoun,VEN,DF,21,13,8,856,9.5,0,0,0,0,1,0,0.6,0.6,0.3,5,25,0,0,0,0.06,0.03,0.06,Charlotte FC,2,20
Andre Shinyashiki,BRA,"MF,FW",26,21,8,844,9.4,6,0,0,0,3,0,3.7,3.7,0.3,24,40,96,0.64,0,0.39,0.03,0.39,Charlotte FC,1.4,15
Kerwin Vargas,COL,"FW,MF",20,13,8,633,7,0,0,0,0,0,0,0.9,0.9,1.1,16,12,64,0,0,0.14,0.15000000000000002,0.14,Charlotte FC,3.5,39.2167
Adilson Malanda,FRA,DF,20,6,6,540,6,0,1,0,0,0,0,0.2,0.2,0.2,1,21,0,0,0.17,0.03,0.04,0.03,Charlotte FC,2.5,27.8083
Nathan Byrne,ENG,DF,29,5,3,290,3.2,0,0,0,0,0,0,0,0,0,7,14,2,0,0,0,0,0,Charlotte FC,5.6,60.7833
Pablo Sisniega,MEX,GK,26,2,2,180,2,0,0,0,0,0,0,0,0,0,0,0,0,0,0,0,0,0,Charlotte FC,1.8,20.0667
Nuno Santos,POR,"MF,FW",22,4,1,159,1.8,1,0,0,0,1,0,0.7,0.7,0,8,17,13,0.5700000000000001,0,0.38,0,0.38,Charlotte FC,5,56.1387
George Marks,USA,GK,22,1,1,90,1,0,0,0,0,0,0,0,0,0,0,0,0,0,0,0,0,0,Charlotte FC,0.655,6.55
Koa Santos,USA,MF,22,1,1,56,0.6,0,0,0,0,0,0,0,0,0,0,1,2,0,0,0,0,0,Charlotte FC,0.655,6.55
Adam Armour,USA,MF,19,5,0,85,0.9,1,0,0,0,1,0,0.2,0.2,0.2,5,3,5,1.06,0,0.17,0.24000000000000002,0.17,Charlotte FC,0.655,6.55
Adrian Zendejas,MEX,GK,26,0,0,NA,NA,NA,NA,NA,NA,NA,NA,NA,NA,NA,NA,NA,NA,NA,NA,NA,NA,NA,Charlotte FC,0.84,9.1986
Federico Navarro,ARG,MF,21,30,27,2461,27.3,2,2,0,0,8,1,1.7,1.7,0.9,18,126,19,0.07,0.07,0.06,0.03,0.06,Chicago Fire,2.00004,27.5004
Xherdan Shaqiri,SUI,MF,30,29,27,2252,25,7,7,4,4,4,0,6.6,3.4,7.6,59,184,213,0.28,0.28,0.26,0.3,0.14,Chicago Fire,73.5,815.3
Rafael Czichos,GER,DF,31,26,26,2331,25.9,3,0,0,0,8,1,2.7,2.7,0.8,18,88,6,0.12000000000000001,0,0.1,0.03,0.1,Chicago Fire,13,133.6667
Mauricio Pineda,USA,"MF,DF",24,27,23,1998,22.2,1,0,0,0,5,0,1.5,1.5,1.3,26,73,31,0.05,0,0.07,0.06,0.07,Chicago Fire,2.25,24.8875
Chris Mueller,USA,FW,25,24,23,1962,21.8,4,5,0,1,5,0,5.8,5,4,82,82,201,0.18,0.23,0.26,0.18,0.23,Chicago Fire,5.49996,61.2316
Wyatt Omsberg,USA,DF,26,14,14,1259,14,1,0,0,0,2,0,1.6,1.6,0.3,1,29,2,0.07,0,0.12000000000000001,0.02,0.12000000000000001,Chicago Fire,1.4,15.7
Jonathan Bornstein,USA,"DF,MF",37,22,13,1201,13.3,1,0,0,0,0,0,0.1,0.1,0.6,12,33,33,0.07,0,0.01,0.05,0.01,Chicago Fire,3,33
Stanislav Ivanov,BUL,"FW,MF",22,15,12,882,9.8,1,0,0,0,0,0,0.9,0.9,1.6,19,27,62,0.1,0,0.1,0.16,0.1,Chicago Fire,3,35.9
Fabian Herbers,GER,"FW,MF",28,25,10,1076,12,1,1,0,0,4,0,1.3,1.3,1.3,21,48,68,0.08,0.08,0.11,0.11,0.11,Chicago Fire,2.6,28.125
Jairo Torres,MEX,"FW,MF",21,14,6,687,7.6,0,0,0,0,1,0,1.1,1.1,0.6,23,24,57,0,0,0.15000000000000002,0.08,0.15000000000000002,Chicago Fire,8.49996,121.9329
Jhon Espinoza,ECU,"DF,FW",22,19,3,493,5.5,0,0,0,0,5,0,0.6,0.6,0.4,7,12,19,0,0,0.1,0.08,0.1,Chicago Fire,2.16,24.25
Chinonso Offor,NGA,FW,21,7,3,268,3,1,0,0,0,1,0,1.4,1.4,0.2,4,6,22,0.33999999999999997,0,0.46,0.06,0.46,Chicago Fire,1.59996,20.9396
Kendall Burks,USA,DF,22,4,2,182,2,0,0,0,0,0,0,0.3,0.3,0,0,4,0,0,0,0.13,0,0.13,Chicago Fire,0.84,8.4
Spencer Richey,USA,GK,29,1,1,90,1,0,0,0,0,0,0,0,0,0,0,0,0,0,0,0,0,0,Chicago Fire,1.32,13.2
Victor Bezerra,USA,"FW,DF",21,5,0,47,0.5,0,0,0,0,1,0,0,0,0,0,2,3,0,0,0,0,0,Chicago Fire,0.84,9.6461
Javier Casas,USA,MF,18,5,0,38,0.4,0,0,0,0,1,0,0,0,0,1,2,0,0,0,0,0,0,Chicago Fire,0.84,8.59
Sergio Oregel,USA,MF,16,1,0,12,0.1,0,0,0,0,0,0,0,0,0,0,2,0,0,0,0,0,0,Chicago Fire,0.655,6.55
Alex Monis,USA,FW,18,1,0,2,0,1,0,0,0,0,0,0.5,0.5,0,0,0,0,45,0,21.01,0,21.01,Chicago Fire,0.84,8.59
Missael Rodriguez,USA,FW,18,0,0,NA,NA,NA,NA,NA,NA,NA,NA,NA,NA,NA,NA,NA,NA,NA,NA,NA,NA,NA,Chicago Fire,0.655,6.55
William Yarbrough,USA,GK,32,34,34,3014,33.5,0,0,0,0,4,0,0,0,0,0,0,0,0,0,0,0,0,Colorado Rapids,3,37.5
Keegan Rosenberry,USA,"DF,MF",28,34,33,2961,32.9,2,1,0,0,4,0,0.8,0.8,1.6,33,130,74,0.06,0.03,0.03,0.05,0.03,Colorado Rapids,4,40
Lalas Abubakar,GHA,DF,27,32,29,2522,28,4,1,0,0,9,0,2.4,2.4,0.5,6,56,4,0.14,0.04,0.09,0.02,0.09,Colorado Rapids,2.35,27.2125
Jonathan Lewis,USA,"FW,MF",24,33,25,2208,24.5,5,2,0,0,4,0,8.1,8.1,2.1,81,40,186,0.2,0.08,0.32999999999999996,0.08,0.32999999999999996,Colorado Rapids,4.1,43.5
Danny Wilson,SCO,DF,30,26,25,2101,23.3,0,1,0,0,7,0,1.4,1.4,0.8,2,76,2,0,0.04,0.06,0.04,0.06,Colorado Rapids,3.3,35.475
Lucas Esteves,BRA,"DF,MF",21,30,24,2270,25.2,1,2,0,0,5,1,1.7,1.7,2.5,58,76,150,0.04,0.08,0.07,0.1,0.07,Colorado Rapids,3.73032,42.6092
Gyasi Zardes,USA,FW,30,26,24,2059,22.9,9,2,1,1,1,0,10.2,9.4,3.3,15,29,95,0.39,0.09,0.44,0.15000000000000002,0.41000000000000003,Colorado Rapids,15,155
Bryan Acosta,HON,MF,28,26,22,1898,21.1,0,2,0,0,11,1,0.6,0.6,3.7,13,90,30,0,0.09,0.03,0.18,0.03,Colorado Rapids,6.5,70.6667
Michael Barrios,COL,"FW,MF",30,34,19,1906,21.2,2,6,0,0,5,0,4.3,4.3,5.9,74,54,215,0.09,0.28,0.21000000000000002,0.28,0.21000000000000002,Colorado Rapids,6.5,68
Mark-Anthony Kaye,CAN,MF,27,17,15,1280,14.2,3,1,0,0,2,0,1.9,1.9,1.7,20,79,29,0.21000000000000002,0.07,0.13,0.12000000000000001,0.13,Colorado Rapids,7,70
Steven Beitashour,IRN,"DF,MF",34,19,14,1313,14.6,0,2,0,0,3,0,0.2,0.2,0.7,15,56,31,0,0.14,0.01,0.05,0.01,Colorado Rapids,1.5,17.25
Jack Price,ENG,MF,29,17,14,1110,12.3,0,1,0,0,3,0,0,0,2.3,8,73,12,0,0.08,0,0.19,0,Colorado Rapids,6.625,72.5
Sam Nicholson,SCO,"MF,FW",27,15,10,831,9.2,1,0,0,0,0,0,0.7,0.7,1.4,27,21,60,0.11,0,0.08,0.15000000000000002,0.08,Colorado Rapids,3,33.5313
Gustavo Vallecilla,ECU,DF,22,12,7,567,6.3,0,0,0,0,4,2,0.2,0.2,0.1,3,12,3,0,0,0.03,0.01,0.03,Colorado Rapids,3.12,34.488
Collen Warner,USA,MF,33,18,6,640,7.1,1,0,0,0,3,0,1.3,1.3,0.2,3,38,4,0.14,0,0.18,0.03,0.18,Colorado Rapids,0.84,8.4
Anthony Markanich,USA,DF,22,3,3,234,2.6,0,0,0,0,0,0,0.2,0.2,0.3,3,8,11,0,0,0.08,0.1,0.08,Colorado Rapids,0.655,6.55
Andre Shinyashiki,BRA,"FW,MF",26,8,2,216,2.4,1,0,0,0,1,0,0.8,0.8,0.4,6,11,13,0.42000000000000004,0,0.32999999999999996,0.15000000000000002,0.32999999999999996,Colorado Rapids,1.4,15
Drew Moor,USA,"DF,MF",38,9,1,230,2.6,0,0,0,0,0,0,0.1,0.1,0,0,3,1,0,0,0.05,0,0.05,Colorado Rapids,1.5,17.25
Darren Yapi,USA,"FW,MF",17,11,1,173,1.9,0,0,0,0,2,0,0.7,0.7,0.2,6,4,12,0,0,0.36,0.09,0.36,Colorado Rapids,0.655,7.6333
Abraham Rodriguez,USA,GK,19,1,0,46,0.5,0,0,0,0,0,0,0,0,0,0,0,0,0,0,0,0,0,Colorado Rapids,0.84,8.4
Sebastian Anderson,USA,"DF,MF",19,2,0,10,0.1,0,0,0,0,0,0,0,0,0,0,1,0,0,0,0,0,0,Colorado Rapids,1.05,10.6667
Clint Irwin,USA,GK,32,0,0,NA,NA,NA,NA,NA,NA,NA,NA,NA,NA,NA,NA,NA,NA,NA,NA,NA,NA,NA,Colorado Rapids,2,21.33
Philip Mayaka,KEN,MF,21,0,0,NA,NA,NA,NA,NA,NA,NA,NA,NA,NA,NA,NA,NA,NA,NA,NA,NA,NA,NA,Colorado Rapids,1,11.3
Eloy Room,CUW,GK,32,34,34,3060,34,0,0,0,0,2,0,0,0,0,0,0,0,0,0,0,0,0,Columbus Crew,8,88.3
Darlington Nagbe,USA,MF,31,34,34,3036,33.7,3,0,0,0,4,0,1.8,1.8,1.6,52,182,35,0.09,0,0.05,0.05,0.05,Columbus Crew,17.6,176
Steven Moreira,FRA,DF,27,32,32,2783,30.9,1,5,0,0,6,0,0.7,0.7,3.1,73,148,177,0.03,0.16,0.02,0.1,0.02,Columbus Crew,5.5,63.2708
Jonathan Mensah,GHA,DF,31,30,30,2572,28.6,2,1,0,0,7,0,1.6,1.5,0.2,6,83,3,0.07,0.03,0.06,0.01,0.05,Columbus Crew,10,114.0667
Pedro Santos,POR,DF,33,29,28,2333,25.9,1,2,0,1,6,0,1.8,1.1,2.5,61,146,113,0.04,0.08,0.07,0.1,0.04,Columbus Crew,6.25,68.75
Derrick Etienne,HAI,"FW,DF",25,33,25,2216,24.6,9,6,0,0,6,0,7.2,7.2,4,98,65,214,0.37,0.24000000000000002,0.29000000000000004,0.16,0.29000000000000004,Columbus Crew,1.75,17.5
Miloš Degenek,AUS,DF,27,28,24,2236,24.8,0,0,0,0,2,0,0.8,0.8,0.3,12,68,1,0,0,0.03,0.01,0.03,Columbus Crew,7.15,81.2
Aidan Morris,USA,MF,20,27,20,1811,20.1,0,0,0,0,3,0,0.8,0.8,0.4,17,101,38,0,0,0.04,0.02,0.04,Columbus Crew,1.7,17.2
Josh Williams,USA,DF,33,23,15,1427,15.9,0,1,0,0,2,0,0.4,0.4,0.5,2,31,1,0,0.06,0.02,0.03,0.02,Columbus Crew,3.25,32.5
Miguel Berry,ESP,FW,24,16,13,970,10.8,2,0,0,0,0,0,2.7,2.7,0.8,9,13,47,0.19,0,0.25,0.08,0.25,Columbus Crew,1.2,12
Yaw Yeboah,GHA,FW,24,19,10,791,8.8,0,1,0,0,1,0,1.8,1.8,2.2,35,28,71,0,0.11,0.21000000000000002,0.25,0.21000000000000002,Columbus Crew,6,66.375
James Igbekeme,NGA,"FW,MF",26,23,8,901,10,0,0,0,0,2,0,1.5,1.5,0.5,21,57,34,0,0,0.15000000000000002,0.05,0.15000000000000002,Columbus Crew,3.15,40.8281
Kevin Molino,TRI,FW,31,11,4,441,4.9,1,0,0,0,0,0,0.4,0.4,0.2,8,26,30,0.2,0,0.08,0.04,0.08,Columbus Crew,7.00348,70.0348
Erik Hurtado,USA,FW,31,14,4,423,4.7,3,0,0,0,2,0,1.3,1.3,0.5,7,1,27,0.64,0,0.27,0.11,0.27,Columbus Crew,0.84,8.4
Sean Zawadzki,USA,MF,21,5,4,289,3.2,1,0,0,0,0,0,0,0,0,1,8,1,0.31,0,0.01,0,0.01,Columbus Crew,0.84,8.9
Jacen Russell-Rowe,CAN,FW,19,6,3,228,2.5,0,2,0,0,1,0,0.4,0.4,0.5,0,1,21,0,0.7899999999999999,0.17,0.22,0.17,Columbus Crew,0.655,7.2866
Jalil Anibaba,USA,DF,33,5,3,226,2.5,0,0,0,0,1,0,0,0,0,1,7,0,0,0,0.01,0,0.01,Columbus Crew,1.5,15
Gyasi Zardes,USA,FW,30,7,1,206,2.3,1,0,0,0,0,0,2,2,0.3,3,7,16,0.44,0,0.89,0.12000000000000001,0.89,Columbus Crew,15,155
Marlon Hairston,USA,DF,27,3,1,153,1.7,0,0,0,0,0,0,0,0,0.1,2,2,7,0,0,0,0.08,0,Columbus Crew,1.75,17.5
Mohamed Farsi,CAN,"DF,FW",22,7,0,85,0.9,0,1,0,0,0,0,0,0,0.2,9,4,9,0,1.06,0,0.17,0,Columbus Crew,0.655,7.5333
Evan Bush,USA,GK,35,0,0,NA,NA,NA,NA,NA,NA,NA,NA,NA,NA,NA,NA,NA,NA,NA,NA,NA,NA,NA,Columbus Crew,0.84,8.4
Jake Morris,USA,DF,22,0,0,NA,NA,NA,NA,NA,NA,NA,NA,NA,NA,NA,NA,NA,NA,NA,NA,NA,NA,NA,Columbus Crew,0.655,6.55
Isaiah Parente,USA,MF,21,0,0,NA,NA,NA,NA,NA,NA,NA,NA,NA,NA,NA,NA,NA,NA,NA,NA,NA,NA,NA,Columbus Crew,0.66724000000000006,7.0724
Brady Scott,USA,GK,22,0,0,NA,NA,NA,NA,NA,NA,NA,NA,NA,NA,NA,NA,NA,NA,NA,NA,NA,NA,NA,Columbus Crew,0.84,8.4
Chris Durkin,USA,MF,21,29,24,2242,24.9,1,4,0,0,6,1,1.1,1.1,3.4,36,145,76,0.04,0.16,0.04,0.14,0.04,DC United,4,44.5
Brendan Hines-Ike,USA,DF,27,20,20,1682,18.7,0,0,0,0,5,0,0.2,0.2,0.1,27,66,7,0,0,0.01,0,0.01,DC United,3.75,41.7917
Andy Najar,HON,DF,28,23,20,1666,18.5,0,1,0,0,6,0,0.6,0.6,0.6,44,105,59,0,0.05,0.03,0.03,0.03,DC United,3.75,37.5
Sofiane Djeffal,FRA,MF,22,28,19,1686,18.7,0,1,0,0,3,0,0.5,0.5,0.5,13,83,6,0,0.05,0.03,0.03,0.03,DC United,0.655,6.55
Taxiarchis Fountas,GRE,"MF,FW",26,21,17,1467,16.3,12,1,0,1,2,0,8,7.2,1.9,44,30,96,0.74,0.06,0.49,0.12000000000000001,0.44,DC United,16,164.1
Donovan Pines,USA,DF,23,21,16,1447,16.1,0,0,0,0,1,1,0.7,0.6,0.1,7,24,3,0,0,0.04,0.01,0.04,DC United,1.5,15.2
Julian Gressel,USA,DF,28,17,16,1379,15.3,0,4,0,0,2,0,2.1,2.1,3.2,18,74,98,0,0.26,0.13,0.21000000000000002,0.13,DC United,9.14,96.9781
Ola Kamara,NOR,"FW,MF",32,30,15,1491,16.6,9,1,1,1,2,1,7.3,6.5,1.2,25,35,115,0.54,0.06,0.44,0.07,0.39,DC United,15,152
Russell Canouse,USA,MF,26,18,14,1192,13.2,1,1,0,0,4,0,0.7,0.7,0.7,11,41,26,0.08,0.08,0.05,0.05,0.05,DC United,5.15,51.5
Brad Smith,AUS,DF,27,16,14,1148,12.8,0,1,0,0,2,0,0.6,0.6,1.8,33,46,77,0,0.08,0.05,0.14,0.05,DC United,5.5,59.125
Rafael Romo,VEN,GK,31,14,13,1212,13.5,0,0,0,0,1,0,0,0,0,0,1,0,0,0,0,0,0,DC United,2.5,28.5833
Ravel Morrison,JAM,"MF,FW",28,14,11,967,10.7,2,0,0,0,2,0,1,1,0.3,11,36,13,0.19,0,0.09,0.03,0.09,DC United,8.5,91.7844
Jackson Hopkins,USA,"MF,FW",17,21,11,904,10,0,1,0,0,5,0,0.6,0.6,1.5,22,35,66,0,0.1,0.06,0.15000000000000002,0.06,DC United,0.655,6.5833
Bill Hamid,USA,GK,31,10,10,858,9.5,0,0,0,0,0,0,0,0,0,0,0,0,0,0,0,0,0,DC United,7,70
Sami Guediri,USA,DF,24,13,10,803,8.9,0,0,0,0,1,0,0.1,0.1,0.6,15,37,20,0,0,0.01,0.06,0.01,DC United,0.84,8.4
David Ochoa,USA,GK,21,9,9,810,9,0,0,0,0,2,0,0,0,0,0,0,0,0,0,0,0,0,DC United,1.035,10.35
Chris Odoi-Atsem,USA,DF,26,20,8,851,9.5,0,0,0,0,4,0,0.2,0.2,0.1,14,26,40,0,0,0.02,0.01,0.02,DC United,1.4,15.1
Miguel Berry,ESP,"FW,MF",24,14,8,712,7.9,0,0,0,0,0,0,1,1,0.8,6,1,24,0,0,0.12000000000000001,0.1,0.12000000000000001,DC United,1.2,12
Christian Benteke,BEL,FW,31,7,6,558,6.2,1,0,0,1,2,0,2.7,1.8,0.5,4,9,36,0.16,0,0.43000000000000005,0.09,0.3,DC United,40,418.2778
Nigel Robertha,NED,"FW,MF",23,17,5,715,7.9,1,3,0,0,2,0,0.7,0.7,2.3,29,13,82,0.13,0.38,0.09,0.29000000000000004,0.09,DC United,5.5,62.2406
Kimarni Smith,ENG,"DF,MF",23,17,2,358,4,1,1,0,0,1,0,0.8,0.8,0.4,16,15,26,0.25,0.25,0.21000000000000002,0.1,0.21000000000000002,DC United,0.85444,8.5444
Jon Kempin,USA,GK,28,2,2,180,2,0,0,0,0,0,0,0,0,0,0,0,0,0,0,0,0,0,DC United,0.84,8.4
Matai Akinmboni,USA,DF,15,2,2,120,1.3,0,0,0,0,1,0,0,0,0,0,1,0,0,0,0,0,0,DC United,0.655,7.5
Adrien Perez,USA,MF,26,3,1,133,1.5,0,0,0,0,1,0,0.1,0.1,0,5,5,15,0,0,0.07,0.01,0.07,DC United,0.89513,8.9513
Kristian Fletcher,USA,FW,16,2,1,62,0.7,1,0,0,0,1,0,0,0,0,1,0,5,1.45,0,0.06,0,0.06,DC United,0.84,10.5189
Brandon Vazquez,USA,FW,23,33,32,2740,30.4,18,8,0,0,1,0,14.9,14.9,4.1,47,36,199,0.59,0.26,0.49,0.13,0.49,FC Cincinnati,2.75,51.75
Nick Hagglund,USA,DF,29,32,31,2715,30.2,1,1,0,0,7,1,1.6,1.6,1.3,16,101,11,0.03,0.03,0.05,0.04,0.05,FC Cincinnati,0.84,8.4
Luciano Acosta,ARG,MF,27,30,28,2491,27.7,10,12,3,4,7,1,9.3,6.1,12.3,76,176,220,0.36,0.43000000000000005,0.33999999999999997,0.44,0.22,FC Cincinnati,19.435,222.2854
Roman Celentano,USA,GK,21,27,27,2430,27,0,0,0,0,0,0,0,0,0,0,0,0,0,0,0,0,0,FC Cincinnati,0.84,9.9
Junior Moreno,VEN,MF,28,27,25,2038,22.6,2,0,0,0,5,0,0.9,0.9,1.1,15,105,21,0.09,0,0.04,0.05,0.04,FC Cincinnati,3.25,37.375
Geoff Cameron,USA,DF,36,26,24,2113,23.5,0,1,0,0,6,0,1.2,1.2,0.7,3,58,3,0,0.04,0.05,0.03,0.05,FC Cincinnati,3.87,46.9
Alvas Powell,JAM,DF,27,28,24,1930,21.4,0,3,0,0,4,0,1.2,1.2,1.9,54,60,86,0,0.14,0.06,0.09,0.06,FC Cincinnati,1.5,16.7
Obinna Nwobodo,NGA,MF,25,24,23,2064,22.9,0,2,0,0,10,0,0.2,0.2,1.2,34,130,22,0,0.09,0.01,0.05,0.01,FC Cincinnati,9,102.81
Ian Murphy,USA,DF,22,26,16,1464,16.3,1,0,0,0,0,0,0.1,0.1,0.7,10,36,0,0.06,0,0.01,0.04,0.01,FC Cincinnati,0.655,6.775
Yuya Kubo,JPN,MF,28,27,14,1349,15,1,1,0,0,5,0,0.9,0.9,2.1,34,82,42,0.07,0.07,0.06,0.14,0.06,FC Cincinnati,10.91,120.675
Tyler Blackett,ENG,DF,27,20,14,1342,14.9,0,1,0,0,8,0,0.6,0.6,1.2,7,47,7,0,0.07,0.04,0.08,0.04,FC Cincinnati,8.4,84
John Nelson,USA,DF,23,24,14,1203,13.4,0,1,0,0,1,0,0.2,0.2,0.9,12,30,65,0,0.07,0.02,0.07,0.02,FC Cincinnati,0.655,7.35
Dominique Badji,SEN,FW,29,24,13,1099,12.2,0,2,0,0,3,0,3.3,3.3,1.5,28,18,67,0,0.16,0.27,0.13,0.27,FC Cincinnati,5,55.5
Ray Gaddis,USA,DF,32,23,11,1132,12.6,0,0,0,0,1,0,0.1,0.1,1.4,12,37,44,0,0,0.01,0.11,0.01,FC Cincinnati,2.3,23
Matt Miazga,USA,DF,26,10,10,828,9.2,2,0,0,0,2,0,0.5,0.5,0.9,1,22,2,0.22,0,0.05,0.1,0.05,FC Cincinnati,14.64,146.4
Alec Kann,USA,GK,31,7,7,630,7,0,0,0,0,2,0,0,0,0,0,0,0,0,0,0,0,0,FC Cincinnati,2,22.0833
Allan Cruz,CRC,MF,25,11,4,403,4.5,0,0,0,0,4,1,0.7,0.7,0.5,2,18,11,0,0,0.15000000000000002,0.12000000000000001,0.15000000000000002,FC Cincinnati,11.4,125.4
Calvin Harris,ENG,"DF,FW",21,8,2,179,2,1,1,0,0,1,0,1.6,1.6,0.8,2,2,14,0.5,0.5,0.7799999999999999,0.38,0.7799999999999999,FC Cincinnati,0.85444,10.0444
Zico Bailey,USA,"DF,MF",21,3,1,80,0.9,0,0,0,0,0,0,0,0,0,1,2,4,0,0,0,0,0,FC Cincinnati,0.84,8.4
Arquimides Ordonez,GUA,"FW,MF",18,8,0,90,1,0,0,0,0,0,0,0.7,0.7,0,4,2,8,0,0,0.65,0,0.65,FC Cincinnati,0.655,6.9037
Harrison Robledo,USA,"MF,DF",19,2,0,46,0.5,0,0,0,0,0,0,0,0,0.2,1,2,2,0,0,0,0.32,0,FC Cincinnati,0.655,8.6391
Isaac Atanga,GHA,DF,21,1,0,45,0.5,0,0,0,0,0,0,0,0,0.2,2,2,0,0,0,0,0.46,0,FC Cincinnati,3.5,36.4
Kenneth Vermeer,NED,GK,36,0,0,NA,NA,NA,NA,NA,NA,NA,NA,NA,NA,NA,NA,NA,NA,NA,NA,NA,NA,NA,FC Cincinnati,0.84,8.4
Maarten Paes,NED,GK,23,32,32,2880,32,0,0,0,0,3,0,0,0,0,0,0,0,0,0,0,0,0,FC Dallas,1.5,18.75
Marco Farfan,USA,DF,23,32,32,2725,30.3,1,3,0,0,7,0,0.5,0.5,2.3,46,106,101,0.03,0.1,0.02,0.08,0.02,FC Dallas,2.25,22.5
Paxton Pomykal,USA,MF,22,33,30,2432,27,0,2,0,0,6,0,1.1,1.1,2.1,64,145,86,0,0.07,0.04,0.08,0.04,FC Dallas,7,70
Paul Arriola,USA,FW,26,32,29,2562,28.5,10,5,0,0,4,1,6.7,6.7,6.8,59,92,269,0.35,0.18,0.24000000000000002,0.24000000000000002,0.24000000000000002,FC Dallas,11,113
Matt Hedges,USA,DF,31,28,26,2226,24.7,1,0,0,0,2,0,1.7,1.7,0.6,6,65,4,0.04,0,0.07,0.02,0.07,FC Dallas,9,90
Ema Twumasi,GHA,DF,24,31,24,2109,23.4,0,1,0,0,6,0,0.8,0.8,1,67,71,92,0,0.04,0.03,0.04,0.03,FC Dallas,2.9,30.93
Alan Velasco,ARG,FW,19,26,23,1928,21.4,6,5,0,0,7,0,3.7,3.7,4.7,66,96,124,0.28,0.23,0.17,0.22,0.17,FC Dallas,11,130.5
Edwin Cerrillo,USA,MF,21,32,20,1892,21,0,0,0,0,8,0,0.2,0.2,0.4,14,78,8,0,0,0.01,0.02,0.01,FC Dallas,1.3,14.5
Brandon Servania,USA,MF,22,23,15,1321,14.7,2,3,0,0,7,2,1.5,1.5,1.8,20,71,29,0.14,0.2,0.1,0.12000000000000001,0.1,FC Dallas,4,45.5833
Facundo Quignon,ARG,MF,28,25,14,1285,14.3,1,0,0,0,5,0,1.2,1.2,0.5,10,72,14,0.07,0,0.09,0.03,0.09,FC Dallas,7.86,84.0627
Tsiki Ntsabeleng,RSA,MF,23,26,11,840,9.3,1,0,0,0,3,0,2.3,2.3,0.6,21,43,14,0.11,0,0.25,0.06,0.25,FC Dallas,0.655,6.55
Sebastian Lletget,USA,MF,29,10,9,815,9.1,1,4,0,0,1,0,0.8,0.8,1.2,9,56,50,0.11,0.44,0.09,0.14,0.09,FC Dallas,9,102.375
Franco Jara,ARG,FW,33,30,7,905,10.1,3,1,1,1,2,0,5,4.2,0.9,11,16,64,0.3,0.1,0.5,0.09,0.42000000000000004,FC Dallas,25.4,322.7
Jimmy Maurer,USA,GK,33,2,2,180,2,0,0,0,0,0,0,0,0,0,0,0,0,0,0,0,0,0,FC Dallas,2.75,29.2887
Joshué Quiñónez,ECU,DF,21,7,1,100,1.1,0,0,0,0,0,0,0,0,0,1,2,1,0,0,0,0.02,0,FC Dallas,1.8,22.7833
Eddie Munjoma,USA,"DF,FW",23,3,1,99,1.1,0,0,0,0,0,0,0,0,0,1,1,2,0,0,0,0,0,FC Dallas,0.84,8.4
Bernard Kamungo,TAN,FW,20,1,0,21,0.2,0,0,0,0,0,0,0,0,0.3,1,1,2,0,0,0,1.25,0,FC Dallas,0.84,8.4
Lucas Bartlett,USA,DF,24,0,0,NA,NA,NA,NA,NA,NA,NA,NA,NA,NA,NA,NA,NA,NA,NA,NA,NA,NA,NA,FC Dallas,0.84,8.4
Antonio Carrera,USA,GK,17,0,0,NA,NA,NA,NA,NA,NA,NA,NA,NA,NA,NA,NA,NA,NA,NA,NA,NA,NA,NA,FC Dallas,0.655,8.5019
Isaiah Parker,USA,FW,19,0,0,NA,NA,NA,NA,NA,NA,NA,NA,NA,NA,NA,NA,NA,NA,NA,NA,NA,NA,NA,FC Dallas,0.655,7.75
Thomas Roberts,USA,MF,20,0,0,NA,NA,NA,NA,NA,NA,NA,NA,NA,NA,NA,NA,NA,NA,NA,NA,NA,NA,NA,FC Dallas,1.6,17.2
Steve Clark,USA,GK,35,33,33,2905,32.3,0,0,0,0,2,0,0,0,0,0,0,0,0,0,0,0,0,Houston Dynamo,5.6,62.0031
Sebastián Ferreira,PAR,FW,23,31,29,2318,25.8,13,3,2,3,2,0,11,8.6,1.7,25,22,122,0.5,0.12000000000000001,0.43000000000000005,0.06,0.33999999999999997,Houston Dynamo,16,197.02
Adalberto Carrasquilla,PAN,MF,23,32,27,2392,26.6,2,3,0,0,10,1,2.2,2.2,3.9,57,177,43,0.08,0.11,0.08,0.14,0.08,Houston Dynamo,4.18908,46.9132
Tim Parker,USA,DF,28,28,26,2252,25,0,0,0,0,5,0,0.9,0.9,0.2,1,68,4,0,0,0.04,0.01,0.04,Houston Dynamo,10,103.75
Darwin Quintero,COL,"MF,FW",34,31,22,1765,19.6,8,3,1,1,4,0,6,5.2,6.7,57,185,104,0.41000000000000003,0.15000000000000002,0.3,0.33999999999999997,0.26,Houston Dynamo,6,66.125
Teenage Hadebe,ZIM,DF,26,22,20,1810,20.1,2,0,0,0,12,2,1.6,1.6,1.2,15,53,0,0.1,0,0.08,0.06,0.08,Houston Dynamo,10.14,117.9177
Griffin Dorsey,USA,DF,22,27,19,1644,18.3,1,1,0,0,7,0,0.7,0.7,1.3,56,57,78,0.05,0.05,0.04,0.07,0.04,Houston Dynamo,1.25,14.4
Memo Rodriguez,USA,"MF,FW",26,30,18,1501,16.7,0,3,0,0,6,0,2.4,2.4,2.6,30,68,83,0,0.18,0.14,0.16,0.14,Houston Dynamo,2.85,31.0935
Corey Baird,USA,FW,26,23,17,1345,14.9,2,4,0,0,1,0,1.7,1.7,3.3,17,18,78,0.13,0.27,0.12000000000000001,0.22,0.12000000000000001,Houston Dynamo,4.4,47.1031
Daniel Steres,USA,DF,31,18,14,1343,14.9,2,1,0,0,5,0,1.1,1.1,0.2,3,31,4,0.13,0.07,0.07,0.02,0.07,Houston Dynamo,4.5,46.875
Ethan Bartlow,USA,"DF,MF",21,15,9,906,10.1,0,0,0,0,2,0,0.1,0.1,0.1,5,25,0,0,0,0.01,0.01,0.01,Houston Dynamo,0.84,9.15
Sam Junqua,USA,DF,25,15,4,513,5.7,0,1,0,0,0,0,0,0,0.5,11,17,29,0,0.18,0.01,0.09,0.01,Houston Dynamo,0.89513,8.9513
Zarek Valentin,PUR,DF,30,5,4,371,4.1,0,0,0,0,0,0,0,0,0,1,11,8,0,0,0,0.01,0,Houston Dynamo,2.6,29
Michael Nelson,USA,GK,26,2,1,155,1.7,0,0,0,0,0,0,0,0,0,0,0,0,0,0,0,0,0,Houston Dynamo,1.25,13.95
Brooklyn Raines,USA,MF,16,1,0,34,0.4,0,0,0,0,0,0,0,0,0,0,0,0,0,0,0,0,0,Houston Dynamo,0.655,8.3563
Thiago Fernandes,BRA,"FW,MF",20,3,0,21,0.2,0,0,0,0,0,0,0,0,0,1,2,4,0,0,0,0,0,Houston Dynamo,3.10344,37.0344
Ian Hoffmann,GER,MF,20,0,0,NA,NA,NA,NA,NA,NA,NA,NA,NA,NA,NA,NA,NA,NA,NA,NA,NA,NA,NA,Houston Dynamo,0.85444,8.5444
Derrick Jones,USA,MF,24,0,0,NA,NA,NA,NA,NA,NA,NA,NA,NA,NA,NA,NA,NA,NA,NA,NA,NA,NA,NA,Houston Dynamo,1.85,20.7969
Marcelo Palomino,USA,MF,20,0,0,NA,NA,NA,NA,NA,NA,NA,NA,NA,NA,NA,NA,NA,NA,NA,NA,NA,NA,NA,Houston Dynamo,0.84,8.4
Xavier Valdez,DOM,GK,18,0,0,NA,NA,NA,NA,NA,NA,NA,NA,NA,NA,NA,NA,NA,NA,NA,NA,NA,NA,NA,Houston Dynamo,0.655,7.5211
Christopher McVey,SWE,DF,24,34,34,3039,33.8,1,1,0,0,4,0,1.4,1.4,0.9,48,87,41,0.03,0.03,0.04,0.03,0.04,Inter Miami,1.99992,22.4292
DeAndre Yedlin,USA,DF,28,34,33,2986,33.2,0,3,0,0,6,0,0.2,0.2,2.2,58,113,186,0,0.09,0.01,0.07,0.01,Inter Miami,8,84.875
Jean Mota,BRA,MF,28,33,33,2660,29.6,2,2,0,0,6,1,2,2,3.2,30,163,31,0.07,0.07,0.07,0.11,0.07,Inter Miami,7,80.5
Damion Lowe,JAM,DF,28,28,28,2383,26.5,1,1,0,0,10,1,1.3,1.3,1,9,52,6,0.04,0.04,0.05,0.04,0.05,Inter Miami,2.25,26.8333
Robert Taylor,FIN,"MF,FW",27,33,26,2222,24.7,3,2,0,0,2,0,3.7,3.7,3.1,76,93,152,0.12000000000000001,0.08,0.15000000000000002,0.12000000000000001,0.15000000000000002,Inter Miami,2.52,27.89
Drake Callender,USA,GK,24,24,24,2160,24,0,0,0,0,1,0,0,0,0,0,0,0,0,0,0,0,0,Inter Miami,1.3,13
Leonardo Campana,ECU,FW,21,26,21,1585,17.6,11,1,0,0,2,0,8.4,8.4,1.9,17,32,85,0.62,0.06,0.47000000000000003,0.11,0.47000000000000003,Inter Miami,0.84,13.568
Ariel Lassiter,CRC,"FW,MF",27,30,17,1640,18.2,4,4,0,0,2,0,4.9,4.9,4,73,36,129,0.22,0.22,0.27,0.22,0.27,Inter Miami,2.1,23.028
Bryce Duke,USA,"MF,FW",20,28,16,1478,16.4,1,4,0,0,5,0,2.3,2.3,1.8,25,83,58,0.06,0.24000000000000002,0.14,0.11,0.14,Inter Miami,1.22,12.2
Ryan Sailor,USA,DF,23,22,14,1521,16.9,0,0,0,0,1,0,0.9,0.9,0,0,17,1,0,0,0.05,0,0.05,Inter Miami,0.655,6.55
Indiana Vassilev,USA,"FW,MF",20,24,13,1059,11.8,2,0,0,0,3,0,1.9,1.9,0.6,42,41,83,0.17,0,0.16,0.05,0.16,Inter Miami,0.84,13.4
Alejandro Pozuelo,ESP,"MF,FW",30,12,12,968,10.8,2,4,0,0,1,1,1.3,1.3,3.7,28,79,71,0.19,0.37,0.12000000000000001,0.35,0.12000000000000001,Inter Miami,38,469.3
Kieran Gibbs,ENG,DF,32,15,8,635,7.1,0,0,0,0,0,0,0.9,0.9,0.2,11,30,19,0,0,0.13,0.03,0.13,Inter Miami,3.7,37.8167
Nick Marsman,NED,GK,31,7,7,630,7,0,0,0,0,2,0,0,0,0,0,0,0,0,0,0,0,0,Inter Miami,4.74996,58.7184
Victor Ulloa,USA,"MF,DF",29,19,3,367,4.1,0,1,0,0,0,0,0.1,0.1,0.7,4,11,13,0,0.25,0.03,0.18,0.03,Inter Miami,2.5,25
Noah Allen,USA,"DF,MF",17,8,3,324,3.6,0,0,0,0,0,0,0.1,0.1,0,5,8,24,0,0,0.04,0,0.04,Inter Miami,0.655,6.7167
Brek Shea,USA,DF,31,4,2,161,1.8,0,0,0,0,0,1,0,0,0.1,2,6,9,0,0,0,0.05,0,Inter Miami,1.82,20.61
Corentin Jean,FRA,"FW,MF",26,3,0,76,0.8,0,1,0,0,0,0,0.2,0.2,0.1,1,5,5,0,1.1800000000000002,0.28,0.11,0.28,Inter Miami,7.2,78.84
Harvey Neville,ENG,DF,19,1,0,12,0.1,0,0,0,0,0,0,0,0,0,0,0,1,0,0,0,0,0,Inter Miami,0.655,6.55
George Acosta,USA,MF,22,1,0,7,0.1,0,0,0,0,0,0,0.1,0.1,0,0,1,0,0,0,0.69,0,0.69,Inter Miami,0.655,6.55
Jonathan Bond,ENG,GK,28,34,34,3060,34,0,0,0,0,2,0,0,0,0,0,0,0,0,0,0,0,0,LA Galaxy,4.75,52.6875
Julian Araujo,MEX,DF,20,33,30,2741,30.5,0,5,0,0,6,0,1.5,1.5,4.1,44,110,201,0,0.16,0.05,0.14,0.05,LA Galaxy,5.75,67.875
Raheem Edwards,CAN,DF,26,30,27,2275,25.3,1,3,0,0,5,0,1.3,1.3,2.3,81,111,118,0.04,0.12000000000000001,0.05,0.09,0.05,LA Galaxy,2.75,30.75
Derrick Williams,IRL,DF,29,26,24,2154,23.9,0,1,0,0,7,0,1.6,1.6,1.4,24,79,7,0,0.04,0.07,0.06,0.07,LA Galaxy,7.5,82.1458
Kevin Cabral,FRA,"FW,MF",22,33,23,1679,18.7,1,3,0,0,1,1,5.3,5.3,3.6,48,31,187,0.05,0.16,0.28,0.19,0.28,LA Galaxy,16.5,165
Samuel Grandsir,FRA,"FW,MF",25,33,19,1611,17.9,3,5,0,0,4,0,3.5,3.5,3.9,71,42,212,0.17,0.28,0.2,0.22,0.2,LA Galaxy,9,98.8427
Douglas Costa,BRA,"MF,FW",31,27,16,1408,15.6,4,1,1,1,3,2,3,2.2,3.7,83,118,136,0.26,0.06,0.19,0.24000000000000002,0.14,LA Galaxy,30,450.8333
Nick DePuy,USA,DF,27,18,14,1292,14.4,0,0,0,0,6,0,0.8,0.7,0.2,0,26,2,0,0,0.05,0.01,0.05,LA Galaxy,2.31,23.1
Gastón Brugman,URU,MF,29,14,14,1121,12.5,3,1,0,0,3,0,0.9,0.9,1.6,25,103,22,0.24000000000000002,0.08,0.07,0.13,0.07,LA Galaxy,12,140.9
Efrain Alvarez,MEX,"MF,FW",19,28,12,1393,15.5,3,5,0,0,2,0,4.2,4.2,4.8,50,115,117,0.19,0.32,0.27,0.31,0.27,LA Galaxy,6,70.625
Chase Gasper,USA,DF,26,17,8,840,9.3,0,0,0,0,5,0,0.1,0.1,0.1,17,51,57,0,0,0.01,0.01,0.01,LA Galaxy,3.75,40
Kelvin Leerdam,SUR,"DF,MF",31,10,5,479,5.3,0,0,0,0,1,0,0.2,0.2,0,4,23,11,0,0,0.04,0.01,0.04,LA Galaxy,3,33.5
Daniel Aguirre,USA,"MF,DF",22,11,3,374,4.2,1,1,0,0,0,0,0.3,0.3,0.7,10,27,15,0.24000000000000002,0.24000000000000002,0.07,0.17,0.07,LA Galaxy,0.66724000000000006,6.6724
Eriq Zavaleta,SLV,"DF,MF",29,4,3,205,2.3,0,0,0,0,1,0,0,0,0,0,3,0,0,0,0.02,0.02,0.02,LA Galaxy,0.84,8.4
Sacha Kljestan,USA,"MF,FW",36,21,1,440,4.9,1,2,1,1,0,0,1.2,0.4,0.9,11,46,23,0.2,0.41000000000000003,0.25,0.19,0.09,LA Galaxy,0.84,8.4
Jonathan Perez,MEX,DF,19,1,0,8,0.1,0,0,0,0,0,0,0,0,0,0,1,0,0,0,0,0,0,LA Galaxy,1.5,17.175
Cameron Dunbar,USA,MF,19,0,0,NA,NA,NA,NA,NA,NA,NA,NA,NA,NA,NA,NA,NA,NA,NA,NA,NA,NA,NA,LA Galaxy,1.2,13.675
Preston Judd,USA,FW,22,0,0,NA,NA,NA,NA,NA,NA,NA,NA,NA,NA,NA,NA,NA,NA,NA,NA,NA,NA,NA,LA Galaxy,0.655,6.55
Jonathan Klinsmann,USA,GK,24,0,0,NA,NA,NA,NA,NA,NA,NA,NA,NA,NA,NA,NA,NA,NA,NA,NA,NA,NA,NA,LA Galaxy,2,20
Jalen Neal,USA,DF,18,0,0,NA,NA,NA,NA,NA,NA,NA,NA,NA,NA,NA,NA,NA,NA,NA,NA,NA,NA,NA,LA Galaxy,1,11.3625
Jorge Villafaña,USA,"DF,FW",32,0,0,NA,NA,NA,NA,NA,NA,NA,NA,NA,NA,NA,NA,NA,NA,NA,NA,NA,NA,NA,LA Galaxy,4.5,48.6667
Kellyn Acosta,USA,"MF,DF",26,32,28,2549,28.3,2,4,0,0,8,0,2,2,4.4,34,164,84,0.07,0.14,0.07,0.16,0.07,Los Angeles FC,11,121.5
Cristian Arango,COL,FW,26,34,28,2341,26,16,4,1,2,5,0,16.3,14.7,4,60,62,180,0.62,0.15000000000000002,0.63,0.15000000000000002,0.5700000000000001,Los Angeles FC,6.24,68.3
Carlos Vela,MEX,"FW,MF",32,32,28,2319,25.8,12,9,4,5,2,0,9.4,5.4,8.8,63,177,245,0.47000000000000003,0.35,0.36,0.33999999999999997,0.21000000000000002,Los Angeles FC,24,273.75
Diego Palacios,ECU,DF,22,28,27,2407,26.7,1,4,0,0,8,0,0.7,0.7,3.7,57,143,165,0.04,0.15000000000000002,0.02,0.14,0.02,Los Angeles FC,4.86,51
Ryan Hollingshead,USA,DF,30,30,22,1930,21.4,6,1,0,0,3,1,2.8,2.8,1.1,48,73,95,0.28,0.05,0.13,0.05,0.13,Los Angeles FC,3.9375,39.375
Kwadwo Opoku,GHA,"FW,MF",20,34,20,1770,19.7,7,2,0,0,0,0,7.4,7.4,4,61,38,179,0.36,0.1,0.37,0.2,0.37,Los Angeles FC,0.92,13.3095
Latif Blessing,GHA,"MF,FW",25,30,16,1334,14.8,0,1,0,0,1,0,1.8,1.8,1.5,25,80,62,0,0.07,0.12000000000000001,0.1,0.12000000000000001,Los Angeles FC,4,41.6667
Mamadou Fall,SEN,DF,19,16,13,1200,13.3,1,1,0,0,6,0,1.9,1.9,1.1,12,66,4,0.07,0.07,0.14,0.08,0.14,Los Angeles FC,1.06,11.875
Franco Escobar,ARG,DF,26,19,13,1156,12.8,1,1,0,0,3,0,0.5,0.5,0.9,11,49,59,0.08,0.08,0.04,0.07,0.04,Los Angeles FC,5.50008,55.0008
Sebastien Ibeagha,USA,DF,30,17,12,1187,13.2,0,0,0,0,4,0,0.3,0.3,0,2,27,1,0,0,0.02,0,0.02,Los Angeles FC,2.25,25.2125
Giorgio Chiellini,ITA,DF,37,11,9,713,7.9,0,1,0,0,1,0,0.1,0.1,0.5,9,51,2,0,0.13,0.02,0.06,0.02,Los Angeles FC,10,107.5
Eddie Segura,COL,DF,24,14,8,828,9.2,0,0,0,0,2,0,0.2,0.2,0.1,4,38,5,0,0,0.02,0.01,0.02,Los Angeles FC,2,22.4
Denis Bouanga,GAB,FW,27,7,6,496,5.5,1,0,0,0,0,0,3.3,3.3,1.2,21,13,54,0.18,0,0.6,0.22,0.6,Los Angeles FC,20.83333,208.3333
Francisco Ginella,URU,MF,23,15,5,445,4.9,0,0,0,0,1,0,0.2,0.2,0.2,6,31,10,0,0,0.04,0.05,0.04,Los Angeles FC,4.5,57.225
Gareth Bale,WAL,FW,32,12,2,355,3.9,2,0,0,0,0,0,2,2,0.6,11,17,18,0.51,0,0.5,0.15000000000000002,0.5,Los Angeles FC,16,238.6667
Doneil Henry,CAN,DF,28,5,2,134,1.5,0,0,0,0,3,0,0,0,0,0,8,0,0,0,0,0,0,Los Angeles FC,3.85,40.3
John McCarthy,USA,GK,29,1,1,90,1,0,0,0,0,0,0,0,0,0,0,0,0,0,0,0,0,0,Los Angeles FC,1.1,11
Ismael Tajouri-Shradi,LBY,"FW,MF",27,6,0,167,1.9,2,0,0,0,0,0,0.6,0.6,0.3,5,7,20,1.08,0,0.3,0.18,0.3,Los Angeles FC,6.06375,64.786
Cristian Tello,ESP,"FW,MF",30,4,0,98,1.1,0,0,0,0,0,0,0.2,0.2,0.1,5,6,14,0,0,0.22,0.09,0.22,Los Angeles FC,13.33333,172.5069
Danny Trejo,USA,FW,23,3,0,45,0.5,0,0,0,0,0,0,0.1,0.1,0.1,6,1,7,0,0,0.12000000000000001,0.21000000000000002,0.12000000000000001,Los Angeles FC,0.655,6.55
Cal Jennings,USA,"FW,MF",24,3,0,19,0.2,0,0,0,0,0,0,0,0,0,0,0,2,0,0,0,0,0,Los Angeles FC,0.84,8.4
Antonio Leone,MEX,DF,17,0,0,NA,NA,NA,NA,NA,NA,NA,NA,NA,NA,NA,NA,NA,NA,NA,NA,NA,NA,NA,Los Angeles FC,1,10.2
Dayne St. Clair,CAN,GK,24,32,32,2835,31.5,0,1,0,0,1,0,0,0,0.2,0,0,0,0,0.03,0,0.01,0,Minnesota United,3,32.1875
Michael Boxall,NZL,DF,33,31,31,2790,31,0,0,0,0,9,0,1.3,1.3,0.5,14,78,1,0,0,0.04,0.02,0.04,Minnesota United,6.0221,65.5307
Emanuel Reynoso,ARG,"MF,FW",26,29,29,2517,28,10,6,3,4,10,0,7.8,4.5,8.1,117,261,212,0.36,0.21000000000000002,0.28,0.29000000000000004,0.16,Minnesota United,8.5,106.691
Robin Lod,FIN,"FW,MF",28,30,29,2492,27.7,6,2,0,0,7,0,7.2,7.2,3,29,141,133,0.22,0.07,0.26,0.11,0.26,Minnesota United,8.49996,95.2496
Luis Amarilla,PAR,FW,26,33,27,2349,26.1,9,4,0,0,3,0,9,9,3.5,41,42,171,0.33999999999999997,0.15000000000000002,0.33999999999999997,0.13,0.33999999999999997,Minnesota United,6.5,78.5
Kemar Lawrence,JAM,DF,29,27,26,2305,25.6,1,2,0,0,3,0,0.4,0.4,0.8,31,69,87,0.04,0.08,0.02,0.03,0.02,Minnesota United,4,48.25
Bakaye Dibassy,MLI,DF,32,26,26,2256,25.1,1,0,0,0,4,0,0.9,0.9,0.2,21,61,11,0.04,0,0.04,0.01,0.04,Minnesota United,6.5,74.3125
Franco Fragapane,ARG,FW,28,30,26,2019,22.4,7,2,0,0,7,1,6.1,6.1,3.8,59,97,163,0.31,0.09,0.27,0.17,0.27,Minnesota United,2.49996,25.7496
Wil Trapp,USA,MF,29,27,25,2127,23.6,0,0,0,0,11,0,0.3,0.3,0.5,12,130,25,0,0,0.01,0.02,0.01,Minnesota United,7.84875,78.4875
Kervin Arriaga,HON,MF,24,24,22,1892,21,1,0,0,0,8,0,1.2,1.2,0.4,20,157,17,0.05,0,0.06,0.02,0.06,Minnesota United,0.84,10.3667
Bongokuhle Hlongwane,RSA,FW,21,29,18,1598,17.8,2,4,0,0,0,0,5,5,3.8,63,41,180,0.11,0.23,0.28,0.22,0.28,Minnesota United,5.3,58
Brent Kallman,USA,DF,31,20,15,1395,15.5,2,0,0,0,1,0,1,1,0.6,5,41,0,0.13,0,0.06,0.04,0.06,Minnesota United,1.6,16.8
Joseph Rosales,HON,MF,21,24,8,1052,11.7,0,2,0,0,6,1,0.6,0.6,1,25,55,27,0,0.17,0.05,0.09,0.05,Minnesota United,0.655,6.55
Hassani Dotson,USA,"DF,MF",24,7,7,630,7,1,2,0,0,1,0,1,1,0.6,10,28,11,0.14,0.29000000000000004,0.15000000000000002,0.08,0.15000000000000002,Minnesota United,4,45.75
Abu Danladi,GHA,"FW,MF",26,19,6,634,7,2,0,0,0,1,0,1.2,1.2,0.7,11,15,55,0.28,0,0.17,0.1,0.17,Minnesota United,1.35,14.2125
Oniel Fisher,JAM,DF,30,11,6,631,7,0,0,0,0,1,0,0,0,0.1,15,22,40,0,0,0.01,0.02,0.01,Minnesota United,1.2,13.3
Tyler Miller,USA,GK,28,3,2,225,2.5,0,0,0,0,0,0,0,0,0,0,0,0,0,0,0,0,0,Minnesota United,4.25,44.5938
Nabilai Kibunguchy,USA,MF,24,2,2,180,2,0,0,0,0,0,0,0.1,0.1,0,1,3,1,0,0,0.06,0,0.06,Minnesota United,0.66724000000000006,6.6724
Niko Hansen,DEN,"FW,MF",27,5,0,100,1.1,0,1,0,0,0,0,0.1,0.1,0.2,4,2,15,0,0.9,0.12000000000000001,0.16,0.12000000000000001,Minnesota United,2.004,21.94
Jacori Hayes,USA,MF,26,8,0,75,0.8,0,1,0,0,1,0,0.1,0.1,0,1,5,0,0,1.2,0.13,0.03,0.13,Minnesota United,1.9,19.9833
Eric Dick,USA,GK,27,0,0,NA,NA,NA,NA,NA,NA,NA,NA,NA,NA,NA,NA,NA,NA,NA,NA,NA,NA,NA,Minnesota United,0.84,8.4
Fred Emmings,USA,GK,17,0,0,NA,NA,NA,NA,NA,NA,NA,NA,NA,NA,NA,NA,NA,NA,NA,NA,NA,NA,NA,Minnesota United,0.84,9
Chase Gasper,USA,DF,26,0,0,NA,NA,NA,NA,NA,NA,NA,NA,NA,NA,NA,NA,NA,NA,NA,NA,NA,NA,NA,Minnesota United,3.75,40
Justin McMaster,JAM,FW,22,0,0,NA,NA,NA,NA,NA,NA,NA,NA,NA,NA,NA,NA,NA,NA,NA,NA,NA,NA,NA,Minnesota United,0.66724000000000006,6.6724
Callum Montgomery,CAN,DF,24,0,0,NA,NA,NA,NA,NA,NA,NA,NA,NA,NA,NA,NA,NA,NA,NA,NA,NA,NA,NA,Minnesota United,0.85444,8.7361
Joe Willis,USA,GK,33,32,32,2880,32,0,1,0,0,0,0,0,0,0.1,0,1,0,0,0.03,0,0,0,Nashville SC,3,31.625
Sean Davis,USA,MF,28,34,32,2835,31.5,1,1,0,0,4,0,0.9,0.9,0.6,20,122,39,0.03,0.03,0.03,0.02,0.03,Nashville SC,6.375,63.75
Hany Mukhtar,GER,"FW,MF",26,33,32,2825,31.4,23,7,6,7,4,0,20.4,14.9,8,103,138,261,0.73,0.22,0.65,0.26,0.48000000000000004,Nashville SC,16.375,192.625
Daniel Lovitz,USA,DF,30,31,29,2618,29.1,1,4,0,0,6,0,0.9,0.9,2.6,57,149,104,0.03,0.14,0.03,0.09,0.03,Nashville SC,4.9875,49.875
Walker Zimmerman,USA,DF,28,30,28,2521,28,4,1,0,0,7,1,3.8,3.8,2.7,3,82,15,0.14,0.04,0.14,0.1,0.14,Nashville SC,20.88235,234.5214
Randall Leal,CRC,MF,25,28,26,2128,23.6,2,5,1,1,7,0,3.6,2.8,5.4,72,132,147,0.08,0.21000000000000002,0.15000000000000002,0.23,0.12000000000000001,Nashville SC,8.5,96.5
Alex Muyl,USA,"DF,MF",26,29,22,2019,22.4,2,2,0,0,8,0,2.9,2.9,2.4,44,68,127,0.09,0.09,0.13,0.11,0.13,Nashville SC,3.25,33.1562
Dax McCarty,USA,MF,34,29,21,1770,19.7,0,1,0,1,4,1,1.8,1,2.6,10,116,23,0,0.05,0.09,0.13,0.05,Nashville SC,4.75,51.75
Jack Maher,USA,DF,22,27,19,1855,20.6,2,0,0,0,2,0,0.7,0.7,0.2,3,53,1,0.1,0,0.03,0.01,0.03,Nashville SC,1.3,16.4
Eric Miller,USA,DF,29,24,14,1345,14.9,0,0,0,0,3,0,0.2,0.2,0.8,11,46,34,0,0,0.01,0.05,0.01,Nashville SC,1.68,16.8
Shaquell Moore,USA,DF,25,11,11,888,9.9,0,1,0,0,1,0,0.4,0.4,0.8,33,32,53,0,0.1,0.04,0.08,0.04,Nashville SC,7,77.94
Jacob Shaffelburg,CAN,"MF,FW",22,8,7,506,5.6,2,0,0,0,0,0,1.3,1.3,0.6,25,15,38,0.36,0,0.23,0.1,0.23,Nashville SC,1.3,13.65
Teal Bunbury,USA,"FW,MF",31,17,6,654,7.3,5,0,0,0,2,0,3.9,3.9,0.7,4,6,48,0.69,0,0.53,0.1,0.53,Nashville SC,4,44.4167
Taylor Washington,USA,"DF,MF",28,14,6,601,6.7,0,1,0,0,3,0,0.1,0.1,1,22,22,35,0,0.15000000000000002,0.01,0.16,0.01,Nashville SC,0.93989,10.757
Luke Haakenson,USA,"MF,FW",24,25,5,597,6.6,0,3,0,0,3,0,1,1,1.4,20,13,37,0,0.45,0.15000000000000002,0.22,0.15000000000000002,Nashville SC,0.84,8.4
Ethan Zubak,USA,FW,23,11,2,211,2.3,0,1,0,0,2,0,0.6,0.6,0.4,3,6,27,0,0.43000000000000005,0.24000000000000002,0.19,0.24000000000000002,Nashville SC,1.16,13
Elliot Panicco,USA,GK,25,2,2,180,2,0,0,0,0,0,0,0,0,0,0,0,0,0,0,0,0,0,Nashville SC,0.85444,8.5444
Handwalla Bwana,SOM,FW,24,1,0,13,0.1,0,0,0,0,0,0,0,0,0,1,0,2,0,0,0,0.17,0,Nashville SC,1.4,14
Josh Bauer,USA,DF,23,0,0,NA,NA,NA,NA,NA,NA,NA,NA,NA,NA,NA,NA,NA,NA,NA,NA,NA,NA,NA,Nashville SC,0.66724000000000006,6.6724
Ahmed Longmire,USA,DF,22,0,0,NA,NA,NA,NA,NA,NA,NA,NA,NA,NA,NA,NA,NA,NA,NA,NA,NA,NA,NA,Nashville SC,0.655,6.55
Bryan Meredith,USA,GK,32,0,0,NA,NA,NA,NA,NA,NA,NA,NA,NA,NA,NA,NA,NA,NA,NA,NA,NA,NA,NA,Nashville SC,0.84,8.4
Carles Gil,ESP,MF,29,33,32,2911,32.3,7,9,4,4,3,0,8.7,5.5,10.8,172,390,201,0.22,0.28,0.27,0.32999999999999996,0.17,New England Revolution,32.5,354.5833
Andrew Farrell,USA,DF,29,32,32,2778,30.9,0,0,0,0,5,1,0.4,0.4,0.1,10,132,3,0,0,0.01,0,0.01,New England Revolution,4.25,44.375
DeJuan Jones,USA,DF,24,31,31,2737,30.4,1,5,0,0,4,0,1.3,1.3,4.2,95,144,243,0.03,0.16,0.04,0.14,0.04,New England Revolution,3.5,37
Thomas McNamara,USA,"MF,FW",30,33,30,2477,27.5,4,3,0,0,8,0,2.4,2.4,1.1,14,127,76,0.15000000000000002,0.11,0.09,0.04,0.09,New England Revolution,2.4,24
Brandon Bye,USA,DF,26,29,29,2565,28.5,2,7,0,0,3,0,3,3,5.1,61,88,232,0.07,0.25,0.11,0.18,0.11,New England Revolution,3.25,34.3813
Matt Polster,USA,MF,28,28,24,2116,23.5,2,0,0,0,6,0,1.6,1.6,0.6,25,135,40,0.09,0,0.07,0.02,0.07,New England Revolution,3.25,35.3437
Henry Kessler,USA,DF,23,22,21,1845,20.5,1,0,0,0,5,0,1.1,1.1,0,4,48,2,0.05,0,0.06,0,0.06,New England Revolution,1.5,17
Sebastian Lletget,USA,"FW,MF",29,19,18,1447,16.1,2,4,0,0,1,0,2.7,2.7,1.4,30,104,87,0.12000000000000001,0.25,0.17,0.09,0.17,New England Revolution,9,102.375
Gustavo Bou,ARG,FW,31,19,17,1600,17.8,8,2,1,1,4,0,7.5,6.7,1.7,33,54,143,0.45,0.11,0.42000000000000004,0.1,0.38,New England Revolution,25,267.5
Wilfrid Kaptoum,CMR,MF,25,21,15,1066,11.8,1,0,0,0,3,0,0.7,0.7,0.1,10,53,16,0.08,0,0.06,0,0.06,New England Revolution,5.25,58.25
Justin Rennicks,USA,FW,22,17,11,780,8.7,2,0,0,0,0,0,1.7,1.7,0.3,10,3,48,0.23,0,0.2,0.03,0.2,New England Revolution,1.1,12
Jon Bell,USA,DF,24,15,10,1053,11.7,1,0,0,0,0,0,0.4,0.4,0.1,5,36,12,0.09,0,0.04,0.01,0.04,New England Revolution,0.84,8.4
Emmanuel Boateng,GHA,"FW,MF",28,27,8,1002,11.1,2,2,0,0,1,0,1.7,1.7,2.6,35,38,119,0.18,0.18,0.15000000000000002,0.23,0.15000000000000002,New England Revolution,2.25,22.5
Omar Gonzalez,USA,DF,33,17,8,762,8.5,0,0,0,0,1,0,0.5,0.5,0,1,17,1,0,0,0.06,0,0.06,New England Revolution,4.25,45
Dylan Borrero,COL,FW,20,12,7,602,6.7,3,1,0,0,1,0,1.7,1.7,0.9,27,19,62,0.45,0.15000000000000002,0.25,0.14,0.25,New England Revolution,5.5,61.3962
Jozy Altidore,USA,"FW,MF",32,17,4,597,6.6,1,0,0,0,1,0,1.7,1.7,0.3,4,17,34,0.15000000000000002,0,0.25,0.04,0.25,New England Revolution,37.06139,426.4963
Brad Knighton,USA,GK,36,4,4,360,4,0,0,0,0,0,0,0,0,0,0,0,0,0,0,0,0,0,New England Revolution,1.5,15.75
Christian Makoun,VEN,"MF,DF",21,8,3,379,4.2,0,0,0,0,2,0,0.3,0.3,0,0,17,7,0,0,0.06,0,0.06,New England Revolution,2,20
Noel Buck,USA,"MF,FW",16,7,3,292,3.2,1,0,0,0,1,0,0.5,0.5,0.8,5,11,14,0.31,0,0.14,0.25,0.14,New England Revolution,0.655,6.55
Ryan Spaulding,USA,DF,23,7,3,263,2.9,0,0,0,0,0,0,0.1,0.1,0,8,11,21,0,0,0.03,0,0.03,New England Revolution,0.655,6.55
Giacomo Vrioni,ALB,FW,23,7,2,251,2.8,1,0,1,1,1,0,2.2,1.8,0,4,4,12,0.36,0,0.8,0,0.63,New England Revolution,15,174.75
Nacho Gil,ESP,"FW,MF",26,4,2,201,2.2,0,0,0,0,1,0,0.1,0.1,1.5,9,10,9,0,0,0.04,0.6799999999999999,0.04,New England Revolution,1,10
Esmir Bajraktarevic,USA,"MF,FW",16,3,1,122,1.4,0,0,0,0,0,0,0,0,0,4,2,10,0,0,0,0.02,0,New England Revolution,0.655,7.1559
Jacob Jackson,USA,GK,21,0,0,NA,NA,NA,NA,NA,NA,NA,NA,NA,NA,NA,NA,NA,NA,NA,NA,NA,NA,NA,New England Revolution,0.655,6.55
Sean Nealis,USA,DF,25,33,33,2952,32.8,0,0,0,0,6,1,1.8,1.8,0.7,8,63,9,0,0,0.06,0.02,0.06,New York Red Bulls,1.75,19.6875
John Tolkin,USA,"DF,MF",19,31,31,2744,30.5,1,3,0,0,7,0,1.6,1.6,2.5,48,81,130,0.03,0.1,0.05,0.08,0.05,New York Red Bulls,1,10.5
Lewis Morgan,SCO,"FW,MF",25,32,31,2659,29.5,14,3,6,6,2,0,10.3,5.6,4.4,94,96,187,0.47000000000000003,0.1,0.35,0.15000000000000002,0.19,New York Red Bulls,6.5,65.3125
Aaron Long,USA,DF,29,29,28,2366,26.3,4,0,0,0,5,0,2.6,2.6,0.4,6,82,16,0.15000000000000002,0,0.1,0.01,0.1,New York Red Bulls,10.5,108
Frankie Amaya,USA,MF,21,24,23,1976,22,1,3,0,0,5,1,0.5,0.5,1.4,24,132,15,0.05,0.14,0.02,0.07,0.02,New York Red Bulls,3.25,38.1406
Omir Fernandez,USA,"MF,FW",22,27,21,1441,16,2,3,0,0,1,0,2.1,2.1,2.7,33,42,106,0.12000000000000001,0.19,0.13,0.17,0.13,New York Red Bulls,1.4,15.5
Dylan Nealis,USA,DF,23,28,20,1800,20,0,2,0,0,8,1,0.8,0.8,0.7,29,75,58,0,0.1,0.04,0.04,0.04,New York Red Bulls,1.75,20
Patryk Klimala,POL,FW,23,28,20,1638,18.2,5,3,2,3,6,0,8.2,5.8,2.4,26,38,134,0.27,0.16,0.45,0.13,0.32,New York Red Bulls,10,113.5
Dru Yearwood,ENG,MF,21,25,18,1546,17.2,2,1,0,0,6,1,1.1,1.1,0.9,28,98,15,0.12000000000000001,0.06,0.07,0.05,0.07,New York Red Bulls,5,56.875
Daniel Edelman,USA,MF,18,16,10,993,11,1,0,0,0,4,0,0.5,0.5,0.2,3,52,7,0.09,0,0.05,0.02,0.05,New York Red Bulls,0.84,9.1582
Tom Barlow,USA,FW,26,33,8,1097,12.2,4,0,1,1,2,0,4.7,3.9,0.4,11,19,77,0.32999999999999996,0,0.39,0.03,0.32,New York Red Bulls,1.75,18.8151
Cameron Harper,USA,"DF,FW",20,17,6,765,8.5,2,2,0,0,5,0,1.1,1.1,1.2,24,24,67,0.24000000000000002,0.24000000000000002,0.13,0.14,0.13,New York Red Bulls,2.25,27.625
Kyle Duncan,USA,"DF,MF",24,9,6,593,6.6,0,0,0,0,4,1,0.1,0.1,0.4,17,28,41,0,0,0.02,0.07,0.02,New York Red Bulls,2.68212,29.361
Elias Manoel,BRA,FW,20,6,5,358,4,2,1,0,0,0,0,1.1,1.1,0.3,4,3,35,0.5,0.25,0.27,0.09,0.27,New York Red Bulls,3.6,37.48
Caden Clark,USA,"FW,MF",18,16,3,485,5.4,1,1,0,0,2,0,0.8,0.8,0.6,4,13,38,0.19,0.19,0.14,0.11,0.14,New York Red Bulls,1.488,33.185
Serge Ngoma,USA,"FW,MF",16,7,1,116,1.3,2,0,0,0,0,0,0.4,0.4,0,3,5,4,1.55,0,0.28,0.03,0.28,New York Red Bulls,0.655,8.5451
Ryan Meara,USA,GK,31,1,1,90,1,0,0,0,0,0,0,0,0,0,0,0,0,0,0,0,0,0,New York Red Bulls,3.24,32.4
Wikelman Carmona,VEN,"MF,FW",18,2,0,43,0.5,0,0,0,0,0,0,0,0,0,0,0,3,0,0,0,0,0,New York Red Bulls,0.66724000000000006,6.9474
Zach Ryan,USA,FW,23,6,0,43,0.5,0,0,0,0,1,0,0.3,0.3,0.1,1,1,5,0,0,0.71,0.14,0.71,New York Red Bulls,0.655,6.55
Steven Sserwadda,UGA,MF,19,2,0,29,0.3,0,0,0,0,0,0,0,0,0,0,2,4,0,0,0.08,0,0.08,New York Red Bulls,0.655,6.55
Sean Johnson,USA,GK,32,34,34,3060,34,0,0,0,0,2,0,0,0,0,0,0,0,0,0,0,0,0,New York City FC,5.5,55
Talles Magno,BRA,"FW,MF",19,34,32,2591,28.8,7,8,1,1,3,0,8.8,8,4.6,112,106,210,0.24000000000000002,0.28,0.31,0.16,0.28,New York City FC,9.5,119.8
Alexander Callens,PER,DF,29,27,27,2386,26.5,5,1,0,0,7,0,4.4,4.4,0.5,47,107,31,0.19,0.04,0.17,0.02,0.17,New York City FC,7.5,81.4
Thiago Martins,BRA,DF,26,26,25,2152,23.9,0,1,0,0,3,1,0.5,0.5,0.1,10,63,1,0,0.04,0.02,0,0.02,New York City FC,15,196.2
Malte Amundsen,DEN,DF,23,27,23,2094,23.3,0,1,0,0,4,0,0.7,0.7,2.8,44,81,142,0,0.04,0.03,0.12000000000000001,0.03,New York City FC,2.7,30.87
Tayvon Gray,USA,DF,19,27,22,1879,20.9,0,1,0,0,1,0,0.6,0.6,1.3,38,60,67,0,0.05,0.03,0.06,0.03,New York City FC,1.25,14.4788
Alfredo Morales,USA,"MF,DF",31,24,21,1880,20.9,0,2,0,0,9,1,0.9,0.8,0.8,8,102,9,0,0.1,0.04,0.04,0.04,New York City FC,6,66.225
Maxime Chanot,LUX,DF,32,22,16,1441,16,1,1,0,0,5,0,0.7,0.7,0.1,12,44,3,0.06,0.06,0.04,0.01,0.04,New York City FC,7,70
Gabriel Pereira,BRA,FW,20,26,14,1345,14.9,8,2,0,0,1,0,4.5,4.5,2.9,33,47,110,0.54,0.13,0.3,0.2,0.3,New York City FC,5.55,62.45
Keaton Parks,USA,MF,24,18,12,1025,11.4,2,0,0,0,2,0,2,2,1.1,22,83,30,0.18,0,0.17,0.09,0.17,New York City FC,5,50
Justin Haak,USA,"MF,DF",20,15,7,764,8.5,0,0,0,0,3,0,0,0,0.4,6,27,5,0,0,0,0.05,0,New York City FC,0.85444,8.5444
Anton Tinnerholm,SWE,"DF,MF",30,10,5,580,6.4,0,0,0,0,2,0,0.2,0.2,1.1,11,30,33,0,0,0.02,0.17,0.02,New York City FC,7.5,80
Andres Jasson,USA,"DF,MF",20,15,4,467,5.2,0,1,0,0,2,0,0.7,0.7,1.1,10,13,36,0,0.19,0.14,0.2,0.14,New York City FC,1,11.7144
Kevin O'Toole,USA,"FW,MF",23,3,3,270,3,0,0,0,0,0,0,0.2,0.2,0.1,4,7,22,0,0,0.05,0.02,0.05,New York City FC,0.655,6.55
Gedion Zelalem,USA,"MF,FW",25,11,1,197,2.2,0,0,0,0,1,0,0,0,0.1,2,18,1,0,0,0.02,0.05,0.02,New York City FC,0.84,8.4
Luis Barraza,USA,GK,25,0,0,NA,NA,NA,NA,NA,NA,NA,NA,NA,NA,NA,NA,NA,NA,NA,NA,NA,NA,NA,New York City FC,1.25,13.2688
Cody Mizell,USA,GK,30,0,0,NA,NA,NA,NA,NA,NA,NA,NA,NA,NA,NA,NA,NA,NA,NA,NA,NA,NA,NA,New York City FC,0.85444,8.5444
Pedro Gallese,PER,GK,31,32,32,2880,32,0,0,0,0,3,0,0,0,0,0,0,0,0,0,0,0,0,Orlando City,5.15,51.5
Mauricio Pereyra,URU,MF,31,32,31,2531,28.1,1,8,0,1,5,0,2.9,2.1,5.8,32,260,116,0.04,0.28,0.1,0.21000000000000002,0.07,Orlando City,11,134.8
Facundo Torres,URU,"FW,MF",21,33,29,2585,28.7,9,8,1,1,1,0,4.7,4,5.4,82,183,241,0.31,0.28,0.16,0.19,0.14,Orlando City,6,95.32
Rodrigo Schlegel,ARG,DF,24,29,23,2168,24.1,1,0,0,0,8,1,1,1,0.3,22,75,3,0.04,0,0.04,0.01,0.04,Orlando City,2,20
Robin Jansson,SWE,DF,30,22,22,1970,21.9,1,1,0,0,11,1,1,1,0.3,21,77,4,0.05,0.05,0.05,0.01,0.05,Orlando City,5.25,58.125
Ercan Kara,AUT,FW,26,29,22,1776,19.7,11,3,1,1,2,0,9.4,8.7,1.6,12,10,90,0.56,0.15000000000000002,0.48000000000000004,0.08,0.44,Orlando City,18.6,186
Benji Michel,USA,"FW,MF",24,31,14,1504,16.7,1,0,0,0,4,0,3.4,3.4,0.7,38,15,117,0.06,0,0.21000000000000002,0.04,0.21000000000000002,Orlando City,1.15,12.1303
Kyle Smith,USA,DF,30,29,14,1388,15.4,2,0,0,0,5,0,0.7,0.7,0.6,14,57,56,0.13,0,0.04,0.04,0.04,Orlando City,1.2858,14.1244
Alexandre Pato,BRA,"FW,MF",32,22,14,1196,13.3,3,5,1,1,0,0,4.4,3.6,4.6,29,73,87,0.23,0.38,0.32999999999999996,0.35,0.27,Orlando City,4,40
Jake Mulraney,IRL,"FW,MF",25,17,10,728,8.1,0,0,0,0,2,0,0.7,0.7,0.6,20,8,56,0,0,0.09,0.07,0.09,Orlando City,3.016,33.8777
Iván Angulo,COL,FW,22,9,5,548,6.1,0,2,0,0,1,0,0.9,0.8,0.8,15,12,33,0,0.32999999999999996,0.15000000000000002,0.13,0.13,Orlando City,3.48,38.066
Tesho Akindele,CAN,FW,29,27,4,610,6.8,3,0,0,0,0,0,2.4,2.4,0.6,9,12,52,0.44,0,0.36,0.09,0.36,Orlando City,3.25,34
Wilder Cartagena,PER,MF,27,8,4,331,3.7,0,0,0,0,2,0,0.2,0.2,0.1,2,13,1,0,0,0.05,0.03,0.05,Orlando City,2.4,28.025
Thomas Williams,USA,DF,17,4,2,181,2,0,0,0,0,1,0,0,0,0,1,2,0,0,0,0,0,0,Orlando City,0.66724000000000006,7.3254
Mason Stajduhar,USA,GK,24,2,2,180,2,0,0,0,0,0,0,0,0,0,0,0,0,0,0,0,0,0,Orlando City,0.89716,8.9716
Nicholas Gioacchini,USA,"FW,MF",21,6,2,138,1.5,0,0,0,0,0,0,0.3,0.3,0.1,1,2,15,0,0,0.17,0.05,0.17,Orlando City,3.50004,36.9287
Michael Halliday,USA,"DF,MF",19,6,0,50,0.6,0,0,0,0,1,0,0,0,0,1,1,6,0,0,0,0,0,Orlando City,0.89716,9.9447
Jack Lynn,USA,"FW,DF",22,3,0,6,0.1,0,0,0,0,0,0,0,0,0,0,0,2,0,0,0,0,0,Orlando City,0.655,6.55
Adam Grinwis,USA,GK,29,0,0,NA,NA,NA,NA,NA,NA,NA,NA,NA,NA,NA,NA,NA,NA,NA,NA,NA,NA,NA,Orlando City,0.85444,8.5444
Andre Blake,JAM,GK,31,34,34,3060,34,0,0,0,0,1,0,0,0,0,0,0,0,0,0,0,0,0,Philadelphia Union,7.5,86.9375
Jakob Glesnes,NOR,DF,27,34,34,3060,34,0,2,0,0,2,0,0.7,0.7,1.6,30,98,4,0,0.06,0.02,0.05,0.02,Philadelphia Union,6.75,73.9063
Kai Wagner,GER,DF,24,33,33,2950,32.8,0,8,0,0,6,1,0.6,0.6,7.8,55,100,112,0,0.24000000000000002,0.02,0.24000000000000002,0.02,Philadelphia Union,5.1,58.1
Leon Flach,USA,MF,20,34,33,2745,30.5,0,2,0,0,3,0,0.7,0.7,1.2,31,73,56,0,0.07,0.02,0.04,0.02,Philadelphia Union,2.5,26.375
Jack Elliott,ENG,DF,26,32,32,2860,31.8,2,1,0,0,3,0,3.1,3.1,0.9,8,67,6,0.06,0.03,0.1,0.03,0.1,Philadelphia Union,7,79.375
Alejandro Bedoya,USA,MF,34,30,27,2422,26.9,6,6,0,0,8,0,3.3,3.3,4,49,173,157,0.22,0.22,0.12000000000000001,0.15000000000000002,0.12000000000000001,Philadelphia Union,9,111
Mikael Uhre,DEN,FW,27,27,21,1617,18,13,3,0,0,1,0,8.1,8.1,2.7,48,33,125,0.72,0.17,0.45,0.15000000000000002,0.45,Philadelphia Union,14,166.625
Nathan Harriel,USA,DF,20,25,20,1768,19.6,1,1,0,0,2,0,1.7,1.7,0.5,12,63,64,0.05,0.05,0.09,0.02,0.09,Philadelphia Union,0.9,10.75
Olivier Mbaizo,CMR,DF,24,19,14,1307,14.5,0,2,0,0,2,0,0.2,0.2,2.7,26,59,80,0,0.14,0.01,0.18,0.01,Philadelphia Union,3,36.7343
Jack McGlynn,USA,MF,18,23,9,1018,11.3,1,3,0,0,3,0,0.8,0.8,1.5,14,101,29,0.09,0.27,0.07,0.14,0.07,Philadelphia Union,0.775,9.14
Cory Burke,JAM,FW,30,33,8,1194,13.3,7,4,0,0,6,0,5.9,5.9,3.3,29,33,78,0.53,0.3,0.45,0.25,0.45,Philadelphia Union,4,45.077
Paxten Aaronson,USA,"FW,MF",18,23,2,432,4.8,1,0,0,0,1,0,1.3,1.3,0.6,21,19,26,0.21000000000000002,0,0.27,0.13,0.27,Philadelphia Union,1.075,11.15
Matthew Real,USA,"MF,DF",22,8,2,173,1.9,1,0,0,0,0,0,0.1,0.1,0,2,4,2,0.52,0,0.07,0.01,0.07,Philadelphia Union,1.05,10.5
Quinn Sullivan,USA,"FW,MF",17,17,1,245,2.7,1,0,0,0,1,0,0.7,0.7,0.6,9,8,27,0.37,0,0.24000000000000002,0.21000000000000002,0.24000000000000002,Philadelphia Union,1,10.35
Christopher Donovan,USA,FW,21,6,1,108,1.2,0,0,0,0,0,0,0.1,0.1,0.1,1,2,10,0,0,0.12000000000000001,0.05,0.12000000000000001,Philadelphia Union,0.655,6.55
Brandan Craig,USA,MF,17,1,0,4,0,0,0,0,0,0,0,0,0,0,0,0,0,0,0,0,0,0,Philadelphia Union,0.85,9.7825
Joe Bendik,USA,GK,32,0,0,NA,NA,NA,NA,NA,NA,NA,NA,NA,NA,NA,NA,NA,NA,NA,NA,NA,NA,NA,Philadelphia Union,2.5,25
Matt Freese,USA,GK,23,0,0,NA,NA,NA,NA,NA,NA,NA,NA,NA,NA,NA,NA,NA,NA,NA,NA,NA,NA,NA,Philadelphia Union,1.1825,13.7
Richard Odada,KEN,MF,21,0,0,NA,NA,NA,NA,NA,NA,NA,NA,NA,NA,NA,NA,NA,NA,NA,NA,NA,NA,NA,Philadelphia Union,0.84,10.028
Cole Turner,USA,MF,20,0,0,NA,NA,NA,NA,NA,NA,NA,NA,NA,NA,NA,NA,NA,NA,NA,NA,NA,NA,NA,Philadelphia Union,0.89716,9.2716
Santiago Moreno,COL,"FW,MF",21,34,28,2428,27,7,6,3,3,2,0,6.8,4.5,6.2,67,120,194,0.26,0.22,0.25,0.23,0.17,Portland Timbers,3,34.4576
Claudio Bravo,ARG,DF,24,26,26,2202,24.5,0,2,0,0,8,1,1.1,1.1,2.1,59,158,73,0,0.08,0.04,0.08,0.04,Portland Timbers,3,32.331
Bill Tuiloma,NZL,DF,26,30,24,2255,25.1,6,2,0,0,6,1,3.7,3.7,0.9,13,80,16,0.24000000000000002,0.08,0.15000000000000002,0.04,0.15000000000000002,Portland Timbers,2.85,30.445
Sebastián Blanco,ARG,"FW,MF",33,32,20,1820,20.2,7,7,1,1,7,0,5.6,4.8,5.4,72,156,178,0.35,0.35,0.28,0.27,0.24000000000000002,Portland Timbers,13.4,170.8
Cristhian Paredes,PAR,MF,23,27,20,1663,18.5,2,2,1,1,6,0,3.6,2.8,1.5,13,67,44,0.11,0.11,0.19,0.08,0.15000000000000002,Portland Timbers,2.52,35
Dairon Asprilla,COL,"FW,MF",29,29,19,1847,20.5,10,2,4,4,8,0,7.8,4.6,3.2,46,40,146,0.49,0.1,0.38,0.16,0.23,Portland Timbers,3.5,35.25
Larrys Mabiala,COD,DF,34,21,18,1561,17.3,0,1,0,0,6,0,0.3,0.3,0.2,5,63,3,0,0.06,0.02,0.01,0.02,Portland Timbers,4.5,46
Eryk Williamson,USA,MF,24,22,13,1157,12.9,0,5,0,0,8,0,0.4,0.4,2.9,20,65,38,0,0.39,0.03,0.22,0.03,Portland Timbers,5.5,55
Zac McGraw,USA,DF,24,22,11,1076,12,1,0,0,0,5,0,1.7,1.7,0,3,28,7,0.08,0,0.14,0,0.14,Portland Timbers,0.84,8.4
David Ayala,ARG,MF,19,21,8,741,8.2,0,0,0,0,3,0,0.4,0.4,0.5,9,49,11,0,0,0.04,0.07,0.04,Portland Timbers,2.75,39.5
Marvin Loría,CRC,"FW,MF",24,28,7,803,8.9,2,1,0,1,0,0,2.5,1.6,0.8,38,34,71,0.22,0.11,0.28,0.09,0.18,Portland Timbers,1.25,16.4375
Justin Rasmussen,USA,DF,23,9,7,646,7.2,0,0,0,0,1,0,0.2,0.2,0.3,11,21,29,0,0,0.03,0.04,0.03,Portland Timbers,0.655,6.55
Pablo Bonilla,VEN,DF,22,6,3,252,2.8,0,0,0,0,0,1,0,0,0.1,4,8,6,0,0,0,0.02,0,Portland Timbers,1.32,14.4667
Juan Mosquera,COL,"DF,MF",19,3,2,189,2.1,0,0,0,0,0,0,0.1,0.1,0,9,8,15,0,0,0.04,0.01,0.04,Portland Timbers,1.6,17.8167
David Bingham,USA,GK,32,2,2,180,2,0,0,0,0,0,0,0,0,0,0,0,0,0,0,0,0,0,Portland Timbers,0.84,8.4
Felipe Mora,CHI,"FW,MF",28,7,0,83,0.9,1,0,1,1,0,0,1.3,0.6,0,0,2,9,1.08,0,1.46,0,0.6,Portland Timbers,8.75,95.5
George Fochive,USA,MF,29,2,0,31,0.3,0,0,0,0,1,0,0,0,0,0,0,0,0,0,0,0,0,Portland Timbers,0.84,8.4
Tega Ikoba,USA,FW,18,2,0,23,0.3,0,0,0,0,0,0,0.1,0.1,0,0,0,0,0,0,0.29000000000000004,0,0.29000000000000004,Portland Timbers,0.85444,8.5444
Blake Bodily,USA,"FW,DF",24,3,0,15,0.2,0,0,0,0,1,0,0,0,0,0,0,3,0,0,0,0,0,Portland Timbers,0.84,8.4
Diego Gutierrez,USA,FW,22,1,0,4,0,0,0,0,0,0,0,0,0,0,1,0,2,0,0,0,0,0,Portland Timbers,0.655,6.55
Justin Vom Steeg,USA,GK,24,0,0,NA,NA,NA,NA,NA,NA,NA,NA,NA,NA,NA,NA,NA,NA,NA,NA,NA,NA,NA,Portland Timbers,0.84,8.4
Zac MacMath,USA,GK,30,34,34,3060,34,0,0,0,0,3,0,0.1,0.1,0,0,1,0,0,0,0,0,0,Real Salt Lake,2,20
Andrew Brody,USA,DF,26,34,33,2955,32.8,2,4,0,0,2,0,1.4,1.4,3.2,115,224,142,0.06,0.12000000000000001,0.04,0.1,0.04,Real Salt Lake,1.9,21.5678
Marcelo Silva,URU,DF,32,31,31,2774,30.8,2,0,0,0,5,0,2.1,2.1,0.7,3,47,4,0.06,0,0.07,0.02,0.07,Real Salt Lake,6,64.6667
Justin Meram,IRQ,"MF,FW",33,33,27,2276,25.3,3,6,0,0,4,0,3,3,6.7,92,118,206,0.12000000000000001,0.24000000000000002,0.12000000000000001,0.27,0.12000000000000001,Real Salt Lake,4.25,46.875
Justen Glad,USA,DF,24,26,26,2303,25.6,3,0,0,0,6,0,3.1,3.1,0.4,1,59,0,0.12000000000000001,0,0.12000000000000001,0.01,0.12000000000000001,Real Salt Lake,6.75,73.5031
Aaron Herrera,USA,DF,24,27,25,2268,25.2,0,2,0,0,6,1,0.6,0.6,3,68,125,96,0,0.08,0.02,0.12000000000000001,0.02,Real Salt Lake,7,79.522
Maikel Chang,CUB,"MF,FW",30,33,24,1835,20.4,2,4,0,0,3,0,2.5,2.5,4,35,67,168,0.1,0.2,0.12000000000000001,0.2,0.12000000000000001,Real Salt Lake,0.98261,9.8261
Jefferson Savarino,VEN,"FW,MF",25,19,17,1522,16.9,7,4,0,0,2,0,4.5,4.5,4.2,30,85,114,0.41000000000000003,0.24000000000000002,0.27,0.25,0.27,Real Salt Lake,20,222.4292
Scott Caldwell,USA,MF,30,26,15,1363,15.1,0,0,0,0,5,0,0.4,0.4,0.1,5,65,15,0,0,0.03,0.01,0.03,Real Salt Lake,2,20.5
Bobby Wood,USA,FW,29,14,13,983,10.9,3,1,0,0,0,0,3.6,3.6,1.4,14,16,67,0.27,0.09,0.32999999999999996,0.13,0.32999999999999996,Real Salt Lake,9.25,101.8161
Tate Schmitt,USA,"DF,MF",24,14,10,860,9.6,2,1,0,0,4,0,0.6,0.6,0.4,16,28,34,0.21000000000000002,0.1,0.06,0.04,0.06,Real Salt Lake,0.925,9.25
Rubio Rubin,GUA,"FW,MF",25,23,7,866,9.6,1,0,0,0,1,0,2.1,2.1,0.3,13,25,50,0.1,0,0.22,0.03,0.22,Real Salt Lake,5.1,58.2937
Erik Holt,USA,DF,25,10,6,563,6.3,0,0,0,0,2,0,0.6,0.6,0.1,1,22,1,0,0,0.1,0.02,0.1,Real Salt Lake,1.25,12.5
Johan Kappelhof,NED,DF,31,6,6,540,6,1,0,0,0,0,0,0.8,0.8,0.1,3,13,1,0.17,0,0.14,0.01,0.14,Real Salt Lake,2.6,28.7
Bryan Oviedo,CRC,"DF,MF",31,6,4,361,4,0,2,0,0,0,0,0.1,0.1,0.3,8,12,24,0,0.5,0.02,0.08,0.02,Real Salt Lake,2.748,32.096
Anderson Julio,ECU,"FW,MF",25,19,3,522,5.8,3,1,0,0,1,0,2.2,2.2,0.5,11,5,44,0.52,0.17,0.38,0.09,0.38,Real Salt Lake,7.5,82
Braian Ojeda,PAR,MF,21,6,3,352,3.9,0,0,0,0,0,0,0.1,0.1,0.1,11,21,7,0,0,0.02,0.03,0.02,Real Salt Lake,5.5,60.8653
Diego Luna,USA,MF,18,13,3,318,3.5,0,0,0,0,1,0,0.4,0.4,0.2,7,23,16,0,0,0.1,0.06,0.1,Real Salt Lake,0.84,9.838
Jaziel Orozco,USA,DF,17,4,3,315,3.5,0,0,0,0,0,0,0.2,0.2,0,0,5,0,0,0,0.05,0,0.05,Real Salt Lake,0.655,6.55
Damir Kreilach,CRO,"MF,FW",32,5,3,300,3.3,1,0,0,0,1,0,1.3,1.3,0.1,1,13,14,0.3,0,0.37,0.02,0.37,Real Salt Lake,17.62572,176.2572
Nick Besler,USA,"MF,DF",28,11,2,251,2.8,0,0,0,0,2,0,0,0,0.1,0,8,3,0,0,0.01,0.05,0.01,Real Salt Lake,2.1,21
Julio Benitez,USA,MF,16,1,0,5,0.1,0,0,0,0,0,0,NA,NA,NA,NA,NA,NA,0,0,NA,NA,NA,Real Salt Lake,0.655,7.5125
Tomas Gomez,USA,GK,28,0,0,NA,NA,NA,NA,NA,NA,NA,NA,NA,NA,NA,NA,NA,NA,NA,NA,NA,NA,NA,Real Salt Lake,0.84,8.4
David Ochoa,USA,GK,21,0,0,NA,NA,NA,NA,NA,NA,NA,NA,NA,NA,NA,NA,NA,NA,NA,NA,NA,NA,NA,Real Salt Lake,1.035,10.35
Jeremy Ebobisse,USA,FW,24,34,34,2944,32.7,17,2,2,2,0,0,15.2,13.6,2.4,29,81,192,0.52,0.06,0.46,0.07,0.42000000000000004,San Jose Earthquakes,6.20734,76.6617
Cristian Espinoza,ARG,"FW,MF",26,34,33,2848,31.6,7,9,5,5,4,0,7.7,3.8,9.7,86,76,335,0.22,0.28,0.24000000000000002,0.31,0.12000000000000001,San Jose Earthquakes,11.5,126.5
Jackson Yueill,USA,"MF,DF",24,31,31,2690,29.9,4,2,0,0,6,0,1.9,1.9,1.9,13,199,60,0.13,0.07,0.06,0.06,0.06,San Jose Earthquakes,7,73.6875
Jamiro Monteiro,CPV,MF,28,31,31,2637,29.3,4,6,0,0,3,1,2.9,2.9,5.1,62,231,181,0.14,0.2,0.1,0.17,0.1,San Jose Earthquakes,12,129.35
Paul Marie,FRA,DF,26,32,26,2238,24.9,1,1,0,0,5,0,1.4,1.4,2.1,76,98,117,0.04,0.04,0.06,0.09,0.06,San Jose Earthquakes,1.45,15.6375
Tanner Beason,USA,DF,24,28,25,2244,24.9,0,0,0,0,2,0,0.7,0.7,0.1,4,70,8,0,0,0.03,0.01,0.03,San Jose Earthquakes,2,20
Eric Remedi,ARG,MF,26,25,18,1444,16,0,0,0,0,9,0,0.3,0.3,0.5,14,83,8,0,0,0.02,0.03,0.02,San Jose Earthquakes,4.5,45
Benjamin Kikanovic,USA,"FW,MF",22,30,16,1370,15.2,6,3,0,0,5,0,3.6,3.6,1.5,42,29,105,0.39,0.2,0.23,0.1,0.23,San Jose Earthquakes,0.85444,9.1219
Cade Cowell,USA,"FW,MF",18,31,15,1554,17.3,3,3,0,0,2,0,3.3,3.3,1.6,58,34,160,0.17,0.17,0.19,0.1,0.19,San Jose Earthquakes,5.45455,63.5364
Tommy Thompson,USA,DF,26,27,14,1322,14.7,1,2,0,0,1,0,1.1,1.1,0.8,44,72,69,0.07,0.14,0.08,0.05,0.08,San Jose Earthquakes,2.8,28
Niko Tsakiris,USA,MF,16,10,3,370,4.1,0,0,0,0,1,0,0.4,0.4,0.3,11,38,15,0,0,0.09,0.06,0.09,San Jose Earthquakes,0.655,6.9667
Oskar Ågren,SWE,DF,23,3,3,249,2.8,0,0,0,0,1,0,0.1,0.1,0,4,4,0,0,0,0.04,0,0.04,San Jose Earthquakes,0.655,6.55
Shea Salinas,USA,"FW,DF",35,13,1,203,2.3,1,0,0,0,1,0,0.3,0.3,0.1,14,8,23,0.44,0,0.13,0.04,0.13,San Jose Earthquakes,2.8,28
Miguel Trauco,PER,DF,29,3,1,137,1.5,0,2,0,0,0,0,0,0,0.1,2,8,2,0,1.31,0.03,0.05,0.03,San Jose Earthquakes,1,15
Matt Bersano,USA,GK,29,2,1,135,1.5,0,0,0,0,0,0,0,0,0,0,0,0,0,0,0,0,0,San Jose Earthquakes,1.06375,10.6375
Ousseni Bouda,BFA,"FW,MF",21,9,0,118,1.3,0,0,0,0,2,0,0.3,0.3,0.1,8,4,7,0,0,0.27,0.06,0.27,San Jose Earthquakes,0.84,9.65
Jack Skahan,USA,"DF,MF",23,10,0,96,1.1,1,0,0,0,0,0,0.1,0.1,1,2,8,9,0.9400000000000001,0,0.1,0.97,0.1,San Jose Earthquakes,0.84,8.4
Will Richmond,USA,"MF,FW",21,2,0,45,0.5,0,0,0,0,0,0,0,0,0,3,1,7,0,0,0.06,0,0.06,San Jose Earthquakes,0.655,6.55
Siad Haji,SOM,"DF,FW",22,2,0,14,0.2,0,0,0,0,0,0,0,0,0.1,1,4,5,0,0,0,0.52,0,San Jose Earthquakes,1.2,12.9
Casey Walls,USA,DF,19,0,0,NA,NA,NA,NA,NA,NA,NA,NA,NA,NA,NA,NA,NA,NA,NA,NA,NA,NA,NA,San Jose Earthquakes,1,10.3
Alex Roldan,SLV,DF,25,32,29,2610,29,1,4,0,0,8,1,0.4,0.4,3.7,40,115,173,0.03,0.14,0.01,0.13,0.01,Seattle Sounders FC,2,23.25
Nouhou Tolo,CMR,DF,24,30,28,2502,27.8,1,2,0,0,5,0,0.9,0.9,1.8,62,67,136,0.04,0.07,0.03,0.06,0.03,Seattle Sounders FC,3,34.4274
Stefan Frei,SUI,GK,35,27,27,2430,27,0,0,0,0,0,0,0,0,0,0,0,0,0,0,0,0,0,Seattle Sounders FC,5,50
Jordan Morris,USA,FW,27,29,27,2316,25.7,7,2,0,0,2,0,9.6,9.6,4.5,45,34,201,0.27,0.08,0.37,0.18,0.37,Seattle Sounders FC,12.5,137.01
Xavier Arreaga,ECU,DF,27,27,26,2166,24.1,1,0,0,0,4,0,1.1,1.1,0.9,12,77,1,0.04,0,0.05,0.04,0.05,Seattle Sounders FC,7,70
Cristian Roldan,USA,"FW,MF",26,26,22,2102,23.4,4,4,0,0,2,0,3.8,3.8,4.1,56,138,168,0.17,0.17,0.16,0.17,0.16,Seattle Sounders FC,8.6,98.1542
Jackson Ragen,USA,DF,23,23,14,1391,15.5,0,0,0,0,6,1,0.7,0.7,0.2,3,36,0,0,0,0.04,0.01,0.04,Seattle Sounders FC,0.655,6.55
Kelyn Rowe,USA,"DF,MF",30,28,14,1307,14.5,1,1,0,0,7,2,0.8,0.8,0.4,16,69,54,0.07,0.07,0.06,0.03,0.06,Seattle Sounders FC,2.75,27.5
Fredy Montero,COL,"FW,MF",34,26,12,1284,14.3,4,1,1,1,2,0,6,5.2,1.9,25,78,83,0.28,0.07,0.42000000000000004,0.13,0.36,Seattle Sounders FC,1.1,11
Danny Leyva,USA,MF,18,19,12,951,10.6,0,1,0,0,3,0,0.4,0.4,0.5,13,85,12,0,0.09,0.04,0.04,0.04,Seattle Sounders FC,1.1,12.9423
Will Bruin,USA,FW,32,24,10,868,9.6,3,0,0,0,2,0,2.8,2.8,0.4,6,16,55,0.31,0,0.29000000000000004,0.04,0.29000000000000004,Seattle Sounders FC,2.6,26
Obed Vargas,USA,"MF,FW",16,13,10,851,9.5,0,0,0,0,5,0,0.3,0.3,0.5,15,35,14,0,0,0.03,0.06,0.03,Seattle Sounders FC,0.655,7.4531
Joshua Atencio,USA,MF,20,18,8,725,8.1,0,0,0,0,2,0,0.3,0.3,0.1,15,39,14,0,0,0.03,0.01,0.03,Seattle Sounders FC,0.84,8.8557
Jimmy Medranda,COL,"DF,FW",27,21,8,651,7.2,0,2,0,0,1,0,0.9,0.9,1.5,18,30,62,0,0.28,0.12000000000000001,0.21000000000000002,0.12000000000000001,Seattle Sounders FC,2,21
Stefan Cleveland,USA,GK,27,7,7,630,7,0,0,0,0,0,0,0,0,0,0,0,0,0,0,0,0,0,Seattle Sounders FC,1.5,16.75
João Paulo Mior,BRA,MF,30,6,6,453,5,1,0,0,0,1,0,0.3,0.3,0.7,2,25,4,0.2,0,0.06,0.14,0.06,Seattle Sounders FC,12,128.3333
Abdoulaye Cissoko,FRA,DF,22,10,5,409,4.5,0,0,0,0,0,0,0,0,0,1,4,0,0,0,0.01,0,0.01,Seattle Sounders FC,0.66724000000000006,6.6724
Ethan Dobbelaere,USA,"DF,MF",19,8,2,273,3,0,0,0,0,0,0,0.1,0.1,0.2,8,6,20,0,0,0.04,0.05,0.04,Seattle Sounders FC,0.89716,10.3716
Dylan Teves,USA,"FW,MF",21,6,1,101,1.1,1,0,0,0,0,0,0.4,0.4,0,1,4,12,0.89,0,0.38,0,0.38,Seattle Sounders FC,0.655,6.55
Reed Baker-Whiting,USA,MF,16,2,1,95,1.1,0,0,0,0,0,0,0.6,0.6,0.1,0,0,5,0,0,0.6,0.09,0.6,Seattle Sounders FC,0.655,8.55
Samuel Adeniran,USA,FW,23,2,1,73,0.8,0,0,0,0,0,0,0.1,0.1,0,0,2,9,0,0,0.09,0,0.09,Seattle Sounders FC,0.655,6.55
Alfonso Ocampo-Chavez,USA,FW,19,0,0,NA,NA,NA,NA,NA,NA,NA,NA,NA,NA,NA,NA,NA,NA,NA,NA,NA,NA,NA,Seattle Sounders FC,1,11.45
Andrew Thomas,RUS,GK,23,0,0,NA,NA,NA,NA,NA,NA,NA,NA,NA,NA,NA,NA,NA,NA,NA,NA,NA,NA,NA,Seattle Sounders FC,0.84,9.15
Johnny Russell,SCO,"FW,MF",31,33,31,2698,30,8,1,3,4,4,0,8.1,4.9,4.2,126,82,217,0.27,0.03,0.27,0.14,0.16,Sporting KC,20,200
Nicolas Isimat-Mirin,FRA,DF,30,28,26,2276,25.3,0,0,0,0,5,0,0.6,0.6,0.6,10,47,6,0,0,0.02,0.02,0.02,Sporting KC,9.5,102.8124
Roger Espinoza,HON,MF,35,30,25,1868,20.8,2,1,0,0,11,1,2.3,2.3,2,25,120,50,0.1,0.05,0.11,0.09,0.11,Sporting KC,3,30
Tim Melia,USA,GK,35,21,21,1852,20.6,0,0,0,0,1,0,0,0,0,0,1,0,0,0,0,0,0,Sporting KC,5.25,52.9167
Graham Zusi,USA,DF,35,21,20,1659,18.4,2,1,0,0,1,0,0.5,0.5,1.4,21,96,46,0.11,0.05,0.03,0.08,0.03,Sporting KC,4.5,45
Logan Ndenbe,BEL,DF,21,22,19,1753,19.5,0,0,0,0,2,0,0.2,0.2,0.7,60,103,123,0,0,0.01,0.03,0.01,Sporting KC,3.5,39.6125
Ben Sweat,USA,DF,30,20,18,1524,16.9,0,3,0,0,4,0,0.7,0.7,1.7,27,53,79,0,0.18,0.04,0.1,0.04,Sporting KC,2,20
Felipe Hernandez,USA,MF,23,34,16,1781,19.8,2,3,0,0,3,0,1.9,1.9,2.9,27,64,66,0.1,0.15000000000000002,0.1,0.15000000000000002,0.1,Sporting KC,0.85444,11.9153
Khiry Shelton,USA,FW,28,24,15,1407,15.6,1,1,0,0,1,0,2.1,2.1,0.5,15,20,61,0.06,0.06,0.14,0.03,0.14,Sporting KC,3.5,35
Cameron Duke,USA,"MF,FW",20,26,13,1227,13.6,0,2,0,0,5,1,1.7,1.7,1.8,46,40,70,0,0.15000000000000002,0.12000000000000001,0.13,0.12000000000000001,Sporting KC,0.9,9.3
Oriol Rosell,ESP,MF,29,18,13,901,10,0,1,0,0,5,1,0.5,0.5,0.3,2,31,3,0,0.1,0.05,0.03,0.05,Sporting KC,4.75,47.5
John Pulskamp,USA,GK,20,12,11,1028,11.4,0,0,0,0,0,0,0,0,0,0,0,0,0,0,0,0,0,Sporting KC,0.89716,9.2216
William Agada,NGA,FW,22,12,10,918,10.2,8,2,0,0,2,0,7.3,7.2,0.5,9,13,34,0.7799999999999999,0.2,0.72,0.05,0.71,Sporting KC,2,24.6875
Erik Thommy,GER,MF,27,12,10,880,9.8,3,1,0,0,1,0,2.1,2.1,1.1,45,51,59,0.31,0.1,0.21000000000000002,0.11,0.21000000000000002,Sporting KC,12,130.625
Kayden Pierre,USA,DF,18,19,9,953,10.6,0,1,0,0,1,0,0.1,0.1,0.3,29,42,23,0,0.09,0.01,0.03,0.01,Sporting KC,0.655,7.06
Kortne Ford,USA,DF,26,14,9,807,9,0,0,0,0,4,0,0.1,0.1,0.1,2,25,3,0,0,0.01,0.02,0.01,Sporting KC,1.5,15.1667
Robert Voloder,BIH,DF,20,12,7,719,8,1,0,0,0,2,1,0,0,0.1,19,38,5,0.13,0,0.01,0.01,0.01,Sporting KC,4,42.786
Marinos Tzionis,CYP,"FW,MF",20,27,6,779,8.7,1,0,0,0,0,0,2.1,2.1,0.9,35,29,63,0.12000000000000001,0,0.25,0.1,0.25,Sporting KC,6.125,61.25
Kendall McIntosh,USA,GK,28,2,2,180,2,0,0,0,0,0,0,0,0,0,0,0,0,0,0,0,0,0,Sporting KC,1.2,12
Osvaldo Cisneros,USA,FW,17,0,0,NA,NA,NA,NA,NA,NA,NA,NA,NA,NA,NA,NA,NA,NA,NA,NA,NA,NA,NA,Sporting KC,0.655,6.85
Kaveh Rad,USA,DF,20,0,0,NA,NA,NA,NA,NA,NA,NA,NA,NA,NA,NA,NA,NA,NA,NA,NA,NA,NA,NA,Sporting KC,0.84,8.4
Michael Bradley,USA,MF,34,34,34,3049,33.9,3,3,0,0,5,0,1,1,1.8,30,232,22,0.09,0.09,0.03,0.05,0.03,Toronto FC,15,150
Jayden Nelson,CAN,"MF,FW",19,31,25,1969,21.9,1,2,0,0,6,0,2.2,2.2,1.2,57,82,146,0.05,0.09,0.1,0.06,0.1,Toronto FC,1.3,13.6586
Alex Bono,USA,GK,27,24,24,2160,24,0,0,0,0,0,0,0,0,0,0,1,0,0,0,0,0,0,Toronto FC,5.25,55.7
Shane O'Neill,USA,DF,28,26,21,1899,21.1,0,1,0,0,4,0,0.1,0.1,0.8,7,57,2,0,0.05,0,0.04,0,Toronto FC,3.2,35.8
Luca Petrasso,CAN,"DF,MF",21,23,21,1679,18.7,0,2,0,0,0,0,0.7,0.7,1.8,54,57,127,0,0.11,0.04,0.1,0.04,Toronto FC,0.655,7.0012
Lukas MacNaughton,CAN,DF,26,25,20,1787,19.9,0,0,0,0,6,0,0.7,0.7,0.2,6,52,4,0,0,0.04,0.01,0.04,Toronto FC,0.84,8.61
Jonathan Osorio,CAN,MF,29,23,20,1687,18.7,9,4,0,0,5,0,4.3,4.3,1.7,26,143,84,0.48000000000000004,0.21000000000000002,0.23,0.09,0.23,Toronto FC,10,102.625
Kosi Thompson,CAN,"DF,MF",19,24,19,1620,18,1,1,0,0,1,0,0.8,0.8,1,33,47,89,0.06,0.06,0.04,0.06,0.04,Toronto FC,0.655,7.076
Chris Mavinga,COD,DF,30,19,19,1494,16.6,0,0,0,0,2,0,0,0,0,3,55,2,0,0,0,0,0,Toronto FC,10,103.75
Alejandro Pozuelo,ESP,"MF,FW",30,16,16,1404,15.6,4,4,1,2,3,0,4.2,2.7,4.2,43,122,113,0.26,0.26,0.27,0.27,0.17,Toronto FC,38,469.3
Ayo Akinola,CAN,FW,22,26,14,1241,13.8,2,0,0,0,2,0,3.9,3.9,0.6,13,11,91,0.15000000000000002,0,0.29000000000000004,0.04,0.29000000000000004,Toronto FC,6,67.1875
Domenico Criscito,ITA,DF,35,15,14,1187,13.2,1,0,0,0,4,0,0.6,0.6,1.4,23,90,45,0.08,0,0.05,0.11,0.05,Toronto FC,12,151
Federico Bernardeschi,ITA,FW,27,13,13,1096,12.2,8,2,5,5,5,0,6.3,2.3,2.3,48,49,113,0.6599999999999999,0.16,0.52,0.19,0.19,Toronto FC,31.25,625.6322
Deandre Kerr,CAN,"MF,FW",19,26,11,1306,14.5,3,0,0,0,2,0,2.9,2.9,0.9,34,30,81,0.21000000000000002,0,0.2,0.06,0.2,Toronto FC,0.655,7.0819
Quentin Westberg,USA,GK,35,10,10,900,10,0,0,0,0,1,0,0,0,0,0,0,0,0,0,0,0,0,Toronto FC,3,31.3583
Richie Laryea,CAN,DF,27,10,10,862,9.6,0,3,0,0,5,0,0,0,2,37,46,38,0,0.31,0,0.21000000000000002,0,Toronto FC,11.70402,127.6745
Mark-Anthony Kaye,CAN,MF,27,8,7,628,7,0,1,0,0,1,0,0.6,0.6,0.3,7,31,27,0,0.14,0.08,0.05,0.08,Toronto FC,7,70
Jacob Shaffelburg,CAN,"DF,FW",22,13,6,581,6.5,0,1,0,0,1,0,0.9,0.9,0.2,32,26,49,0,0.15000000000000002,0.13,0.03,0.13,Toronto FC,1.3,13.65
Jahkeele Marshall-Rutty,CAN,DF,17,17,5,621,6.9,0,0,0,0,1,0,0.1,0.1,0.3,18,36,27,0,0,0.02,0.04,0.02,Toronto FC,1.3,13.6842
Kadin Chung,CAN,DF,23,8,5,450,5,0,1,0,0,1,0,0,0,0.1,8,13,17,0,0.2,0.01,0.03,0.01,Toronto FC,0.655,7.0631
Noble Okello,CAN,"MF,FW",21,8,4,350,3.9,0,0,0,0,0,0,0.6,0.6,0.1,3,22,4,0,0,0.16,0.03,0.16,Toronto FC,1.15,12.6815
Jordan Perruzza,CAN,"FW,MF",21,13,1,232,2.6,0,0,0,0,0,0,0.4,0.4,0.4,7,4,15,0,0,0.14,0.14,0.14,Toronto FC,0.84,8.65
Ifunanyachi Achara,USA,"FW,MF",24,15,0,382,4.2,0,1,0,0,1,0,0.3,0.3,0.4,3,8,51,0,0.24000000000000002,0.08,0.09,0.08,Toronto FC,0.84,8.4
Doneil Henry,CAN,DF,28,6,0,142,1.6,0,0,0,0,0,0,0,0,0,0,3,0,0,0,0,0,0,Toronto FC,3.85,40.3
Themi Antonoglou,CAN,DF,20,2,0,41,0.5,0,0,0,0,0,0,0,0,0,1,0,3,0,0,0.08,0.05,0.08,Toronto FC,0.655,6.55
Ryan Gauld,SCO,"MF,FW",26,28,25,2237,24.9,8,5,2,2,6,0,7.6,6.1,5.1,67,157,173,0.32,0.2,0.31,0.2,0.24000000000000002,Vancouver Whitecaps FC,21.6,226.5
Russell Teibert,CAN,MF,29,29,24,2035,22.6,0,0,0,0,5,0,0.6,0.6,0.5,10,72,54,0,0,0.03,0.02,0.03,Vancouver Whitecaps FC,4,44.9375
Tristan Blackmon,USA,DF,25,28,23,2134,23.7,1,0,0,0,5,0,2,2,0.1,30,116,3,0.04,0,0.08,0.01,0.08,Vancouver Whitecaps FC,3.5,40.1208
Javain Brown,JAM,DF,22,27,22,1858,20.6,1,0,0,0,4,0,0.8,0.8,1.2,13,75,61,0.05,0,0.04,0.06,0.04,Vancouver Whitecaps FC,0.84,9.7481
Jake Nerwinski,USA,DF,27,24,20,1809,20.1,0,0,0,0,2,1,0.5,0.5,0,15,57,6,0,0,0.03,0,0.03,Vancouver Whitecaps FC,2.65,28
Brian White,USA,FW,25,26,19,1667,18.5,4,1,0,0,1,0,5.2,5.2,1.9,11,22,117,0.22,0.05,0.28,0.1,0.28,Vancouver Whitecaps FC,4.56,45.6
Thomas Hasal,CAN,GK,22,17,17,1509,16.8,0,0,0,0,0,0,0,0,0,0,0,0,0,0,0,0,0,Vancouver Whitecaps FC,1.55,17.3934
Ryan Raposo,CAN,DF,22,30,17,1440,16,2,1,0,0,2,0,1.2,1.2,1.6,43,62,120,0.12000000000000001,0.06,0.07,0.1,0.07,Vancouver Whitecaps FC,1,11.4
Lucas Cavallini,CAN,FW,29,24,16,1516,16.8,9,1,2,2,9,1,7.1,5.6,2,27,40,120,0.53,0.06,0.42000000000000004,0.12000000000000001,0.32999999999999996,Vancouver Whitecaps FC,12,146.25
Cody Cropper,USA,GK,28,15,14,1236,13.7,0,1,0,0,1,0,0,0,0.1,0,0,0,0,0.07,0,0.01,0,Vancouver Whitecaps FC,0.84,8.4
Pedro Vite,ECU,"MF,FW",19,24,14,1193,13.3,2,2,0,0,2,0,1.5,1.5,2.7,17,92,101,0.15000000000000002,0.15000000000000002,0.11,0.2,0.11,Vancouver Whitecaps FC,5.56,60.9997
Marcus Godinho,CAN,DF,24,23,12,1019,11.3,0,0,0,0,1,0,0.3,0.3,0.3,36,56,63,0,0,0.03,0.03,0.03,Vancouver Whitecaps FC,0.85444,8.8444
Deiber Caicedo,COL,"FW,MF",21,16,12,985,10.9,1,2,0,0,2,0,1.6,1.6,1.7,31,29,73,0.09,0.18,0.15000000000000002,0.15000000000000002,0.15000000000000002,Vancouver Whitecaps FC,3,33.1125
Sebastian Berhalter,USA,MF,20,18,11,1023,11.4,0,0,0,0,5,0,0.5,0.5,0.5,12,63,19,0,0,0.05,0.04,0.05,Vancouver Whitecaps FC,1,13.725
Julian Gressel,USA,"MF,DF",28,13,11,972,10.8,2,2,0,0,1,0,1.3,1.3,1.8,26,51,82,0.19,0.19,0.12000000000000001,0.16,0.12000000000000001,Vancouver Whitecaps FC,9.14,96.9781
Leonard Owusu,GHA,MF,24,19,10,877,9.7,0,0,0,0,1,0,0.1,0.1,0.3,4,36,11,0,0,0.01,0.03,0.01,Vancouver Whitecaps FC,3.5,40.125
Florian Jungwirth,GER,"DF,MF",33,13,10,858,9.5,0,0,0,0,3,0,0,0,0,4,25,1,0,0,0,0,0,Vancouver Whitecaps FC,5.5,59.2667
Erik Godoy,ARG,DF,28,6,5,454,5,1,0,0,0,1,0,0.2,0.2,0,5,15,0,0.2,0,0.04,0,0.04,Vancouver Whitecaps FC,5.5,55
Alessandro Schöpf,AUT,MF,27,7,5,342,3.8,0,0,0,0,1,0,0.2,0.2,0.1,8,11,23,0,0,0.06,0.01,0.06,Vancouver Whitecaps FC,8,89.25
Michael Baldisimo,CAN,MF,21,13,4,455,5.1,0,0,0,0,2,0,0.2,0.2,0.3,3,33,6,0,0,0.03,0.05,0.03,Vancouver Whitecaps FC,1.07415,10.9292
Tosaint Ricketts,CAN,"FW,DF",34,23,2,450,5,4,1,0,0,0,0,2.5,2.5,0.2,4,6,25,0.8,0.2,0.5,0.05,0.5,Vancouver Whitecaps FC,0.84,8.4
Isaac Boehmer,USA,GK,20,3,2,225,2.5,0,0,0,0,0,0,0,0,0,0,0,0,0,0,0,0,0,Vancouver Whitecaps FC,0.655,6.55
Janio Bikel,GNB,MF,26,0,0,NA,NA,NA,NA,NA,NA,NA,NA,NA,NA,NA,NA,NA,NA,NA,NA,NA,NA,NA,Vancouver Whitecaps FC,4,43.875
Matteo Campagna,CAN,MF,17,0,0,NA,NA,NA,NA,NA,NA,NA,NA,NA,NA,NA,NA,NA,NA,NA,NA,NA,NA,NA,Vancouver Whitecaps FC,0.655,7.4512
Luiz Araújo,BRA,"FW,MF",25,28,26,2189,24.3,4,5,0,1,7,0,9,8.2,5,116,107,196,0.16,0.21000000000000002,0.37,0.21000000000000002,0.33999999999999997,Atlanta United,36,448.0333
Juan José Sánchez,COL,DF,24,17,16,1452,16.1,6,0,0,0,5,0,2.3,2.3,0.1,3,43,2,0.37,0,0.14,0.01,0.14,Atlanta United,4,48.35
Rocco Ríos Novo,ARG,GK,19,16,15,1395,15.5,0,0,0,0,1,0,0,0,0,0,0,0,0,0,0,0,0,Atlanta United,1.08,11.553
Josef Martínez,VEN,FW,28,26,12,1465,16.3,9,4,1,1,0,0,8.7,7.9,2.2,12,31,79,0.55,0.25,0.53,0.14,0.49,Atlanta United,37.5,414.1667
Ronald Hernández,VEN,DF,24,13,11,761,8.5,0,0,0,0,2,0,0.1,0.1,0.3,21,43,34,0,0,0.01,0.04,0.01,Atlanta United,3,30
Alex DeJohn,USA,DF,30,5,4,416,4.6,0,0,0,0,0,0,0.8,0.8,0,4,13,1,0,0,0.17,0,0.17,Atlanta United,0.85444,8.5444
Machop Malual,SSD,"DF,FW",23,6,0,80,0.9,0,0,0,0,0,0,0.1,0.1,0,5,6,11,0,0,0.14,0,0.14,Atlanta United,0.655,6.55
Sebastián Driussi,ARG,MF,25,34,32,2876,32,22,5,4,4,6,0,16,13,4.5,54,158,174,0.69,0.16,0.5,0.14,0.41000000000000003,Austin FC,22,231.7
Diego Fagúndez,URU,FW,26,34,32,2703,30,6,12,0,0,4,0,3.8,3.8,7.9,52,115,300,0.2,0.4,0.13,0.26,0.13,Austin FC,4.5,45
Daniel Pereira,VEN,MF,21,30,26,2087,23.2,2,0,0,0,9,2,1.2,1.2,1.2,33,141,33,0.09,0,0.05,0.05,0.05,Austin FC,0.84,10.2258
Žan Kolmanič,SVN,DF,21,21,12,1070,11.9,0,2,0,0,2,0,0.2,0.2,1.8,23,56,45,0,0.17,0.02,0.15000000000000002,0.02,Austin FC,3,30
Hector Jiménez,USA,DF,33,14,8,598,6.6,0,2,0,0,2,0,0.1,0.1,1.4,21,48,35,0,0.3,0.01,0.21000000000000002,0.01,Austin FC,2,20
Felipe,BRA,"MF,FW",31,28,5,736,8.2,1,2,0,0,5,0,1.7,1.7,0.4,5,50,31,0.12000000000000001,0.24000000000000002,0.21000000000000002,0.05,0.21000000000000002,Austin FC,0.84,8.4
Jhohan Romaña,COL,DF,23,10,3,336,3.7,0,0,0,0,1,0,0.2,0.2,0,1,16,1,0,0,0.05,0.01,0.05,Austin FC,4.4,44
Ismaël Koné,CAN,MF,19,26,18,1582,17.6,2,4,0,0,7,1,1.5,1.5,2.4,30,78,62,0.11,0.23,0.08,0.13,0.08,CF Montreal,0.655,6.8125
Joaquín Torres,ARG,"MF,FW",25,27,15,1311,14.6,3,2,0,1,3,0,3.8,3,2.2,47,71,99,0.21000000000000002,0.14,0.26,0.15000000000000002,0.21000000000000002,CF Montreal,2.3,27.98
Róbert Þorkelsson,ISL,"DF,MF",19,11,0,167,1.9,0,0,0,0,0,0,0,0,0,3,9,8,0,0,0,0,0,CF Montreal,1.5,17.35
Guzmán Corujo,URU,DF,25,25,25,2063,22.9,1,0,0,0,4,0,1.2,1.2,0.4,11,59,3,0.04,0,0.05,0.02,0.05,Charlotte FC,6,63.35
Ben Bender,USA,MF,20,28,19,1645,18.3,3,6,0,0,1,0,2.7,2.7,3.3,34,76,90,0.16,0.32999999999999996,0.15000000000000002,0.18,0.15000000000000002,Charlotte FC,0.655,8.3
Daniel Armando Ríos,MEX,FW,26,27,15,1417,15.7,7,1,1,1,1,0,6.6,5.8,1.7,17,23,96,0.44,0.06,0.42000000000000004,0.11,0.37,Charlotte FC,2.3,25.15
Jan Sobociński,POL,DF,22,9,3,379,4.2,0,0,0,0,0,0,0.1,0.1,0,1,4,0,0,0,0.03,0,0.03,Charlotte FC,3.25,35.125
Chris Hegardt,USA,"MF,FW",20,3,0,19,0.2,0,0,0,0,1,0,0,0,0.4,3,2,3,0,0,0,1.96,0,Charlotte FC,0.655,7.3012
Boris Sekulić,SVK,DF,30,33,32,2815,31.3,0,2,0,0,5,0,1.2,1.2,3,38,134,85,0,0.06,0.04,0.1,0.04,Chicago Fire,5.96,66.89
Miguel Navarro,VEN,DF,22,25,24,2172,24.1,0,1,0,0,9,1,0.4,0.4,2.2,22,103,76,0,0.04,0.02,0.09,0.02,Chicago Fire,2.00004,24.0204
Gastón Giménez,PAR,MF,30,22,20,1695,18.8,0,2,0,0,6,0,1.2,1.2,1.6,22,100,29,0,0.11,0.06,0.09,0.06,Chicago Fire,20.6,236.0667
Brian Gutiérrez,USA,"FW,MF",18,33,20,1637,18.2,2,5,0,0,4,1,2.9,2.9,2.7,29,81,118,0.11,0.27,0.16,0.15000000000000002,0.16,Chicago Fire,1.04,10.59
Carlos Terán,COL,DF,21,22,19,1674,18.6,1,0,0,0,6,0,1.7,1.7,0.3,4,40,1,0.05,0,0.09,0.01,0.09,Chicago Fire,2,25.544
Kacper Przybyłko,POL,FW,28,25,18,1603,17.8,5,1,0,0,3,0,6.5,6.5,2,20,45,110,0.28,0.06,0.36,0.11,0.36,Chicago Fire,11.00004,121.2504
Jhon Durán,COL,FW,18,27,14,1367,15.2,8,3,0,0,7,1,8,8,1.8,29,21,93,0.53,0.2,0.53,0.12000000000000001,0.53,Chicago Fire,1.2,16.7
Andre Reynolds II,USA,"FW,DF",20,12,4,404,4.5,0,0,0,0,1,0,0,0,0,4,9,16,0,0,0,0,0,Chicago Fire,0.9,9.8
Christopher Brady,USA,GK,17,1,1,90,1,0,0,0,0,0,0,0,0,0,0,0,0,0,0,0,0,0,Chicago Fire,1.59996,18.3246
Diego Rubio,CHI,"MF,FW",28,30,28,2436,27.1,16,5,4,4,10,1,12.4,9.2,5.8,52,146,146,0.59,0.18,0.46,0.21000000000000002,0.33999999999999997,Colorado Rapids,5.85,62.9583
Felipe Gutiérrez,CHI,MF,31,12,10,840,9.3,0,2,0,0,3,0,0.8,0.8,1.3,16,59,21,0,0.21000000000000002,0.09,0.14,0.09,Colorado Rapids,5.52,56.925
Max,BRA,"MF,FW",20,28,9,904,10,0,1,0,0,5,0,2.3,2.3,1.1,28,65,51,0,0.1,0.23,0.11,0.23,Colorado Rapids,2.12,29.336
Ralph Priso-Mbongue,CAN,MF,19,6,3,190,2.1,0,0,0,0,2,0,0,0,0.6,3,12,4,0,0,0,0.28,0,Colorado Rapids,0.85444,8.9195
Dantouma Toure,GUI,"FW,MF",17,5,0,38,0.4,1,0,0,0,1,0,0.3,0.3,0,1,0,5,2.3699999999999997,0,0.81,0,0.81,Colorado Rapids,0.655,8.0118
Lucas Zelarayán,ARM,"MF,FW",29,29,25,2316,25.7,10,7,1,1,3,0,5.8,5.1,7.8,93,210,183,0.39,0.27,0.23,0.3,0.2,Columbus Crew,31,370
Artur,BRA,MF,25,24,20,1642,18.2,0,0,0,0,7,0,0.9,0.9,0.9,10,70,31,0,0,0.05,0.05,0.05,Columbus Crew,5.64,61.5633
Luis Díaz,CRC,FW,23,26,17,1531,17,3,5,0,0,6,1,1.8,1.8,2.6,81,35,185,0.18,0.29000000000000004,0.11,0.15000000000000002,0.11,Columbus Crew,3.75,40.89
Cucho,COL,FW,22,16,14,1298,14.4,9,2,0,0,3,0,6.7,6.7,1.3,46,69,104,0.62,0.14,0.46,0.09,0.46,Columbus Crew,26,288.6
William Sands,USA,DF,21,12,5,639,7.1,0,1,0,0,1,0,0.1,0.1,0.1,11,14,20,0,0.14,0.01,0.02,0.01,Columbus Crew,0.84,9.025
Alexandru Mățan,ROU,"FW,MF",22,6,0,32,0.4,0,0,0,0,0,0,0.7,0.7,0,2,3,7,0,0,1.78,0,1.78,Columbus Crew,4.25,45.825
Steve Birnbaum,USA,DF,31,32,32,2849,31.7,2,0,0,0,8,1,1.7,1.6,1.1,5,65,14,0.06,0,0.05,0.04,0.05,DC United,7.5,76.25
Martín Rodríguez,CHI,"FW,MF",27,14,10,904,10,0,1,0,0,1,0,0.3,0.3,1.3,28,45,58,0,0.1,0.03,0.13,0.03,DC United,4.56,59.72
Victor Pálsson,ISL,"MF,DF",30,10,10,872,9.7,0,0,0,0,1,0,0.8,0.8,0.1,5,33,4,0,0,0.08,0.01,0.08,DC United,8.5,86.3125
Theodore Ku-Dipietro,USA,"FW,MF",20,10,2,238,2.6,0,0,0,0,0,0,0,0,0.1,7,11,20,0,0,0,0.02,0,DC United,0.655,6.55
Gaoussou Samaké,CIV,DF,24,3,1,112,1.2,0,0,0,0,1,0,0,0,0.1,0,5,6,0,0,0,0.07,0,DC United,0.84,8.4
Álvaro Barreal,ARG,"DF,MF",21,32,25,2199,24.4,5,5,0,0,5,0,3,3,4.5,42,85,154,0.2,0.2,0.12000000000000001,0.18,0.12000000000000001,FC Cincinnati,3.5,35
Brenner,BRA,FW,22,29,22,2056,22.8,18,6,1,1,3,0,12.4,11.6,3,27,72,151,0.7899999999999999,0.26,0.54,0.13,0.51,FC Cincinnati,16.8,221.86
Rónald Matarrita,CRC,DF,27,7,2,224,2.5,1,3,0,0,1,0,0.1,0.1,0.9,1,6,16,0.4,1.21,0.05,0.36,0.05,FC Cincinnati,7.5,80.6875
Nick Markanich,USA,"FW,MF",22,9,1,110,1.2,0,0,0,0,0,0,1.2,1.2,0,2,2,8,0,0,1.02,0,1.02,FC Cincinnati,0.655,6.55
Sergio Santos Gomes,BRA,FW,27,8,0,138,1.5,0,0,0,0,0,1,1.5,1.5,0.3,7,3,20,0,0,0.96,0.22,0.96,FC Cincinnati,8.5,91.85
José Martínez,ESP,DF,28,31,31,2620,29.1,0,0,0,0,5,0,0.9,0.9,0.1,14,93,1,0,0,0.03,0,0.03,FC Dallas,6.5,72.3
Jesús Ferreira,USA,"FW,MF",21,33,29,2658,29.5,18,6,0,0,5,0,11.6,11.6,5,49,90,129,0.61,0.2,0.39,0.17,0.39,FC Dallas,13,149.9
Jáder Obrian,COL,FW,26,31,15,1343,14.9,2,2,0,0,5,0,3.7,3.7,2.7,39,20,118,0.13,0.13,0.25,0.18,0.25,FC Dallas,3.825,46.71
Nkosi Tafari,USA,DF,24,27,11,1326,14.7,0,0,0,0,1,0,0.3,0.3,0.2,4,47,2,0,0,0.02,0.02,0.02,FC Dallas,1.9795,19.795
Kalil ElMedkhar,USA,"FW,MF",22,5,1,102,1.1,0,0,0,0,0,0,0,0,0,3,1,9,0,0,0.03,0,0.03,FC Dallas,0.66724000000000006,6.6724
Benjamin Redzic,USA,"MF,FW",19,6,0,67,0.7,0,0,0,0,0,0,0.3,0.3,0,1,6,6,0,0,0.39,0.06,0.39,FC Dallas,0.66724000000000006,7.4346
Adam Lundqvist,SWE,DF,27,31,30,2581,28.7,0,5,0,0,5,1,0.3,0.3,2.1,41,89,91,0,0.17,0.01,0.07,0.01,Houston Dynamo,3.25,37.25
Matías Vera,ARG,MF,26,28,28,2184,24.3,0,0,0,0,8,1,0.5,0.5,0.3,16,102,13,0,0,0.02,0.01,0.02,Houston Dynamo,5.5,62.2812
Fafà Picault,USA,FW,30,30,26,2357,26.2,7,2,2,2,5,0,7.8,6.2,2.8,75,30,202,0.27,0.08,0.3,0.11,0.24000000000000002,Houston Dynamo,6,60
Zeca,BRA,DF,27,20,12,1133,12.6,0,1,0,0,3,0,0.1,0.1,1,50,73,90,0,0.08,0.01,0.08,0.01,Houston Dynamo,2.18182,25.9015
Þorleifur Úlfarsson,ISL,FW,21,31,11,1202,13.4,4,1,0,0,3,0,5.6,5.6,0.8,14,13,77,0.3,0.07,0.42000000000000004,0.06,0.42000000000000004,Houston Dynamo,0.655,7.7699
Darwin Cerén,SLV,MF,32,27,11,1128,12.5,0,0,0,0,8,1,0.4,0.4,1,11,56,20,0,0,0.03,0.08,0.03,Houston Dynamo,1.9,24
Héctor Herrera,MEX,MF,31,10,6,685,7.6,0,1,0,0,3,0,0.5,0.5,0.5,13,78,25,0,0.13,0.07,0.07,0.07,Houston Dynamo,47.5,524.6875
Roberto Avila,USA,"FW,MF",21,8,2,159,1.8,0,0,0,0,3,0,0.2,0.2,0,4,1,11,0,0,0.13,0,0.13,Houston Dynamo,0.655,6.55
Nelson Quiñones,COL,FW,19,8,0,122,1.4,0,0,0,0,0,0,0.1,0.1,0.2,11,5,20,0,0,0.07,0.13,0.07,Houston Dynamo,1.50996,17.189
Gregore,BRA,MF,27,30,30,2700,30,0,2,0,0,12,0,1,1,1.1,43,197,33,0,0.07,0.03,0.04,0.03,Inter Miami,7,80.1
Gonzalo Higuaín,ARG,FW,34,28,20,1749,19.4,16,3,5,5,2,0,9.4,5.5,3.6,27,44,96,0.8200000000000001,0.15000000000000002,0.49,0.18,0.28,Inter Miami,51,579.375
Aimé Mabika,ZAM,DF,23,15,13,1022,11.4,0,1,0,0,1,0,0,0,0.4,1,10,0,0,0.09,0,0.03,0,Inter Miami,0.655,7.3625
Robbie Robinson,USA,"FW,MF",23,8,6,485,5.4,1,1,0,0,0,0,0.6,0.6,0.8,25,17,33,0.19,0.19,0.12000000000000001,0.16,0.12000000000000001,Inter Miami,1.4,18.5
Clément Diop,SEN,GK,28,3,3,270,3,0,0,0,0,0,0,0,0,0,0,0,0,0,0,0,0,0,Inter Miami,1.25,13.625
Emerson Rodríguez,COL,"FW,MF",21,22,1,528,5.9,2,0,0,0,2,0,1.5,1.5,0.8,28,11,61,0.33999999999999997,0,0.26,0.13,0.26,Inter Miami,3.15,35.05
Joevin Jones,TRI,"DF,MF",30,8,0,123,1.4,0,0,0,0,0,0,0,0,0.2,7,7,6,0,0,0,0.15000000000000002,0,Inter Miami,3.6,45.81
Edison Azcona,DOM,MF,18,1,0,18,0.2,0,0,0,0,1,0,0,0,0.1,1,0,2,0,0,0,0.74,0,Inter Miami,0.655,6.55
C.J. dos Santos,USA,GK,21,0,0,NA,NA,NA,NA,NA,NA,NA,NA,NA,NA,NA,NA,NA,NA,NA,NA,NA,NA,NA,Inter Miami,0.655,7.08
Javier Hernández,MEX,FW,33,32,31,2583,28.7,18,2,3,6,8,0,18.3,13.6,2.4,34,70,178,0.63,0.07,0.64,0.09,0.47000000000000003,LA Galaxy,60,744.375
Marky Delgado,USA,MF,26,29,29,2515,27.9,2,2,1,1,5,1,1.5,0.7,2,24,258,81,0.07,0.07,0.05,0.07,0.02,LA Galaxy,6.5,72.625
Séga Coulibaly,FRA,DF,25,27,24,2148,23.9,1,0,0,0,8,0,1.6,1.5,0.1,8,63,4,0.04,0,0.07,0,0.06,LA Galaxy,4.2,45.7
Víctor Vázquez,ESP,"MF,FW",35,26,15,1159,12.9,2,3,0,0,4,0,1.2,1.2,3.2,22,119,79,0.16,0.23,0.09,0.25,0.09,LA Galaxy,4.4,44
Riqui Puig,ESP,MF,22,10,9,826,9.2,3,2,1,2,1,0,3,1.4,1.4,34,103,32,0.32999999999999996,0.22,0.32999999999999996,0.15000000000000002,0.15000000000000002,LA Galaxy,16.125,169.5
Dejan Joveljić,SRB,"FW,MF",22,32,7,1003,11.1,11,3,2,3,3,0,7.4,5,2.9,14,29,78,0.99,0.27,0.6599999999999999,0.26,0.45,LA Galaxy,6.125,61.25
Martín Cáceres,URU,DF,34,6,5,429,4.8,0,1,0,0,1,0,0.1,0.1,0,1,7,1,0,0.21000000000000002,0.02,0.01,0.02,LA Galaxy,2.4,29.44
Adam Saldaña,USA,MF,19,1,0,10,0.1,0,0,0,0,0,0,0,0,0,1,1,0,0,0,0,0,0,LA Galaxy,0.89513,8.9513
Carlos Harvey,PAN,MF,21,0,0,NA,NA,NA,NA,NA,NA,NA,NA,NA,NA,NA,NA,NA,NA,NA,NA,NA,NA,NA,LA Galaxy,0.84,8.4
Maxime Crépeau,CAN,GK,27,33,33,2970,33,0,0,0,0,3,0,0,0,0,0,0,0,0,0,0,0,0,Los Angeles FC,2.75,30.25
Ilie Sánchez,ESP,MF,31,33,30,2677,29.7,1,0,0,0,7,1,1,1,2,16,199,28,0.03,0,0.03,0.07,0.03,Los Angeles FC,11.5,115
Jesús David Murillo Largacha,COL,DF,27,29,27,2339,26,2,3,0,0,9,0,2.1,2.1,1.4,16,73,11,0.08,0.12000000000000001,0.08,0.05,0.08,Los Angeles FC,4.5,50.95
José Cifuentes,ECU,MF,22,33,26,2345,26.1,7,6,0,0,8,0,5.6,5.6,5.2,50,191,145,0.27,0.23,0.22,0.2,0.22,Los Angeles FC,3.67875,41.175
Daniel Musovski,USA,"FW,MF",26,16,6,513,5.7,2,1,0,0,2,0,1.9,1.9,0.6,8,4,40,0.35,0.18,0.33999999999999997,0.11,0.33999999999999997,Los Angeles FC,0.93988,9.3988
Jhegson Méndez,ECU,"MF,FW",24,9,1,216,2.4,0,0,0,0,0,0,0.2,0.2,0.2,2,12,7,0,0,0.08,0.06,0.08,Los Angeles FC,6,63.675
Alan Benítez,PAR,DF,28,11,6,570,6.3,1,2,0,0,2,0,0.3,0.3,1,18,27,57,0.16,0.32,0.04,0.15000000000000002,0.04,Minnesota United,3.8,43.725
Mender García,COL,FW,23,9,6,532,5.9,1,0,0,0,0,0,1.5,1.5,0.3,9,14,49,0.17,0,0.25,0.04,0.25,Minnesota United,3,32.2313
Jonathan González,MEX,"MF,FW",22,8,1,195,2.2,1,0,0,0,0,0,0.4,0.4,0.1,1,9,13,0.46,0,0.18,0.04,0.18,Minnesota United,2.4,24.5
Romain Métanire,MAD,MF,31,1,0,23,0.3,0,0,0,0,0,0,0,0,0,0,2,3,0,0,0,0,0,Minnesota United,7.2,81.925
David Romney,USA,DF,28,31,30,2643,29.4,3,2,0,0,2,0,2.9,2.9,1.9,7,76,10,0.1,0.07,0.1,0.07,0.1,Nashville SC,4.75,47.5
C.J. Sapong,USA,FW,33,33,30,2464,27.4,5,5,0,0,5,0,8.1,8.1,3.4,27,54,135,0.18,0.18,0.3,0.12000000000000001,0.3,Nashville SC,5.5,55
Aníbal Godoy,PAN,MF,31,19,11,945,10.5,1,2,0,0,5,0,0.8,0.8,0.4,11,43,22,0.1,0.19,0.07,0.04,0.07,Nashville SC,8,87.125
Will Meyer,USA,GK,23,0,0,NA,NA,NA,NA,NA,NA,NA,NA,NA,NA,NA,NA,NA,NA,NA,NA,NA,NA,NA,Nashville SC,0.655,6.55
Đorđe Petrović,SRB,GK,22,21,21,1890,21,0,0,0,0,0,0,0,0,0,0,0,0,0,0,0,0,0,New England Revolution,2.25,22.5
Damien Rivera,USA,"FW,MF",19,13,4,417,4.6,1,0,0,0,1,0,0.9,0.9,0.2,12,11,38,0.22,0,0.19,0.04,0.19,New England Revolution,0.84,8.4
Earl Edwards Jr.,USA,GK,30,4,4,360,4,0,0,0,0,0,0,0,0,0,0,0,0,0,0,0,0,0,New England Revolution,0.84,8.4
A.J. DeLaGarza,GUM,"DF,MF",34,4,4,290,3.2,0,0,0,0,0,0,0,0,0.1,0,12,7,0,0,0,0.02,0,New England Revolution,2.5,25
Ben Reveno,USA,FW,22,1,0,1,0,0,0,0,0,0,0,0,0,0,0,0,0,0,0,0,0,0,New England Revolution,0.655,6.55
Clément Diop,SEN,GK,28,0,0,NA,NA,NA,NA,NA,NA,NA,NA,NA,NA,NA,NA,NA,NA,NA,NA,NA,NA,NA,New England Revolution,1.25,13.625
Carlos Coronel,BRA,GK,25,33,33,2970,33,0,0,0,0,2,0,0,0,0,0,0,0,0,0,0,0,0,New York Red Bulls,4.8,52.966
Cristian Cásseres Jr.,VEN,MF,22,27,24,2200,24.4,2,4,0,0,10,0,3.2,3.2,3.2,38,123,67,0.08,0.16,0.13,0.13,0.13,New York Red Bulls,2.3,27.4
Luquinhas,BRA,"MF,FW",25,30,21,1937,21.5,5,3,0,0,1,0,3.1,3.1,2,56,111,112,0.23,0.14,0.14,0.09,0.14,New York Red Bulls,10.5,117.3125
Andrés Reyes,COL,DF,22,12,8,695,7.7,0,0,0,0,0,0,0.3,0.3,0.4,3,31,5,0,0,0.04,0.05,0.04,New York Red Bulls,4.25,46.9375
Hassan Ndam,CMR,DF,23,2,1,46,0.5,0,0,0,0,0,0,0,0,0,0,0,0,0,0,0,0,0,New York Red Bulls,0.84,8.4
Jesús Castellano,VEN,MF,17,0,0,NA,NA,NA,NA,NA,NA,NA,NA,NA,NA,NA,NA,NA,NA,NA,NA,NA,NA,NA,New York Red Bulls,0.655,7.0868
AJ Marcucci,USA,GK,22,0,0,NA,NA,NA,NA,NA,NA,NA,NA,NA,NA,NA,NA,NA,NA,NA,NA,NA,NA,NA,New York Red Bulls,0.66724000000000006,6.6724
Santiago Rodríguez,URU,"MF,FW",22,32,29,2461,27.3,4,10,0,0,12,0,7,7,8.3,104,174,178,0.15000000000000002,0.37,0.25,0.3,0.25,New York City FC,6.125,61.25
Nicolás Acevedo,URU,"MF,DF",22,31,27,2264,25.2,0,0,0,0,8,0,0.7,0.7,0.6,29,142,51,0,0,0.03,0.02,0.03,New York City FC,2,24.48
Maximiliano Moralez,ARG,MF,34,29,24,2100,23.3,2,6,0,1,5,0,3.9,3.1,7.6,78,215,140,0.09,0.26,0.17,0.32,0.13,New York City FC,6.7,130
Valentín Castellanos,ARG,FW,23,17,17,1459,16.2,13,2,5,6,9,0,13.1,9.4,3.7,30,53,149,0.8,0.12000000000000001,0.81,0.23,0.58,New York City FC,9,107.6
Thiago,BRA,FW,21,33,14,1405,15.6,5,2,0,0,1,0,5,5,2.4,48,44,135,0.32,0.13,0.32,0.15000000000000002,0.32,New York City FC,1.8,19.96
Héber,BRA,FW,30,29,9,1012,11.2,8,0,1,1,0,0,5.9,5.1,1,10,26,52,0.71,0,0.52,0.09,0.45,New York City FC,8.25,91.4
Chris Gloster,USA,DF,21,11,6,481,5.3,1,1,0,0,0,0,0.2,0.2,1,12,16,47,0.19,0.19,0.05,0.19,0.05,New York City FC,2.28,23.8
Vuk Latinovich,USA,DF,24,5,2,254,2.8,0,0,0,0,1,0,0.1,0.1,0.1,2,21,1,0,0,0.03,0.03,0.03,New York City FC,0.85444,8.5444
Matías Pellegrini,ARG,"DF,FW",21,4,0,63,0.7,0,0,0,0,0,0,0.1,0.1,0.1,6,6,22,0,0,0.13,0.08,0.13,New York City FC,8.75,97.0833
Samuel Afriyie Owusu,GHA,"DF,MF",21,1,0,12,0.1,0,0,0,0,0,0,0,0,0,0,1,0,0,0,0.26,0,0.26,New York City FC,0.85444,8.5444
Ruan,BRA,DF,26,31,29,2454,27.3,2,1,0,0,3,0,0.7,0.7,3.3,79,64,241,0.07,0.04,0.03,0.12000000000000001,0.03,Orlando City,3.6,36
César Araujo,URU,MF,20,31,28,2458,27.3,0,0,0,0,8,1,0.7,0.7,0.6,22,123,17,0,0,0.03,0.02,0.03,Orlando City,1.8,26.1
João Moutinho,POR,DF,24,28,28,2457,27.3,2,1,0,0,8,0,1.5,1.4,1.7,39,129,114,0.07,0.04,0.05,0.06,0.05,Orlando City,2.2,26.3
Antonio Carlos,BRA,DF,28,21,18,1625,18.1,0,1,0,0,6,0,0.7,0.7,0.1,16,73,5,0,0.06,0.04,0.01,0.04,Orlando City,9,92.5
Andrés Perea,USA,"MF,FW",21,24,7,813,9,1,0,0,0,1,0,0.7,0.7,0.3,14,38,33,0.11,0,0.07,0.03,0.07,Orlando City,2.4,24.85
Jhegson Méndez,ECU,MF,24,13,5,417,4.6,0,0,0,0,2,0,0,0,0.3,2,40,1,0,0,0,0.06,0,Orlando City,6,63.675
Joey DeZart,USA,DF,23,1,0,3,0,0,0,0,0,0,0,0,0,0,0,1,0,0,0,0,0,0,Orlando City,0.89716,8.9716
Alexander Freeman,USA,DF,17,0,0,NA,NA,NA,NA,NA,NA,NA,NA,NA,NA,NA,NA,NA,NA,NA,NA,NA,NA,NA,Orlando City,0.655,6.95
Dániel Gazdag,HUN,MF,25,34,34,2929,32.5,22,6,7,7,7,0,16.2,10.7,5.2,47,186,169,0.6799999999999999,0.18,0.5,0.16,0.32999999999999996,Philadelphia Union,5.5,58.625
José Andrés Martínez,VEN,MF,27,30,29,2518,28,0,2,0,0,11,1,0.9,0.9,0.7,24,150,29,0,0.07,0.03,0.03,0.03,Philadelphia Union,2.5,27.625
Julián Carranza,ARG,FW,21,31,28,2210,24.6,14,6,2,3,9,1,14.1,11.8,2.5,28,48,190,0.5700000000000001,0.24000000000000002,0.5700000000000001,0.1,0.48000000000000004,Philadelphia Union,9,90
Sergio Santos Gomes,BRA,FW,27,11,8,608,6.8,1,3,0,0,2,0,1.7,1.7,3.1,13,11,59,0.15000000000000002,0.44,0.25,0.47000000000000003,0.25,Philadelphia Union,8.5,91.85
Jesús Daniel Bueno,VEN,MF,22,1,0,13,0.1,0,0,0,0,0,0,0,0,0,0,1,1,0,0,0,0,0,Philadelphia Union,1.4,15.5378
Yimmi Chará,COL,"MF,FW",30,34,33,2760,30.7,4,3,0,0,5,0,5,5,3.6,59,137,223,0.13,0.1,0.16,0.12000000000000001,0.16,Portland Timbers,15,180.3
Aljaž Ivačič,SVN,GK,28,32,32,2880,32,0,0,0,0,1,0,0,0,0,1,0,0,0,0,0,0,0,Portland Timbers,2.2,24.8333
Diego Chará,COL,MF,35,28,27,2435,27.1,0,2,0,0,9,0,0.4,0.4,1.9,18,135,27,0,0.07,0.02,0.07,0.02,Portland Timbers,6.75,68.3333
Dario Župarić,BIH,DF,29,30,24,2192,24.4,0,0,0,0,6,0,0.6,0.6,0.1,6,34,4,0,0,0.03,0.01,0.03,Portland Timbers,3.75,57.92
Jarosław Niezgoda,POL,FW,26,30,23,1969,21.9,9,2,0,0,0,0,6.5,6.5,3.4,28,43,114,0.41000000000000003,0.09,0.3,0.16,0.3,Portland Timbers,8.075,97.6758
José Van Rankin,MEX,DF,28,24,23,1916,21.3,1,0,0,0,10,2,0.8,0.8,1,27,70,67,0.05,0,0.04,0.05,0.04,Portland Timbers,0.85,8.5
Nathan Fogaça,BRA,FW,22,11,4,409,4.5,2,0,0,0,1,0,2.1,2.1,0.1,9,8,37,0.44,0,0.47000000000000003,0.03,0.47000000000000003,Portland Timbers,0.655,6.55
Pablo Ruíz,ARG,MF,23,29,28,2413,26.8,2,4,1,2,9,0,4.3,2.8,4.2,21,163,31,0.07,0.15000000000000002,0.16,0.16,0.1,Real Salt Lake,4.5,52.35
Sergio Córdova,VEN,"FW,MF",24,33,27,2274,25.3,9,1,0,0,2,0,10.3,10.3,1.8,25,42,128,0.36,0.04,0.41000000000000003,0.07,0.41000000000000003,Real Salt Lake,6,69.6
Jasper Löffelsend,GER,MF,24,30,19,1626,18.1,1,3,0,0,7,0,0.8,0.8,1.4,33,74,62,0.06,0.17,0.04,0.08,0.04,Real Salt Lake,0.84,8.4
Bode Davis,USA,"MF,FW",19,6,0,91,1,1,0,0,0,0,0,0.2,0.2,0.4,6,5,16,0.99,0,0.17,0.4,0.17,Real Salt Lake,0.84,8.8294
Daniel Musovski,USA,"FW,MF",26,3,0,45,0.5,0,0,0,0,0,0,0,0,0,1,0,7,0,0,0,0.05,0,Real Salt Lake,0.93988,9.3988
Christopher Garcia,USA,"MF,FW",19,2,0,4,0,0,0,0,0,0,0,0,0,0,0,1,1,0,0,0,0,0,Real Salt Lake,0.9,9.43
J.T. Marcinkowski,USA,GK,24,33,33,2925,32.5,0,0,0,0,0,0,0,0,0,0,2,0,0,0,0,0,0,San Jose Earthquakes,3,30
Nathan Cardoso,BRA,DF,26,26,26,2271,25.2,3,0,0,0,8,0,2.8,2.8,0.1,17,59,3,0.12000000000000001,0,0.11,0.01,0.11,San Jose Earthquakes,6.5,69.125
Ján Greguš,SVK,MF,31,27,17,1680,18.7,0,5,0,0,1,0,0.9,0.9,2.4,27,127,23,0,0.27,0.05,0.13,0.05,San Jose Earthquakes,6,65.5
Judson,BRA,MF,28,16,7,657,7.3,0,0,0,0,4,0,0.1,0.1,0.1,5,29,4,0,0,0.02,0.01,0.02,San Jose Earthquakes,4.2,42.5
Rodrigues,BRA,DF,24,7,7,622,6.9,0,0,0,0,2,0,0,0,0,3,16,0,0,0,0,0,0,San Jose Earthquakes,5.5,60.8
Albert Rusnák,SVK,MF,27,32,30,2603,28.9,3,0,0,0,3,0,2.6,2.6,2.1,70,198,93,0.1,0,0.09,0.07,0.09,Seattle Sounders FC,18,187.1667
Nicolás Lodeiro,URU,MF,32,28,26,2316,25.7,7,7,4,5,6,0,6.5,2.5,7.5,61,278,177,0.27,0.27,0.25,0.29000000000000004,0.1,Seattle Sounders FC,26.4,325.6667
Yeimar Gómez Andrade,COL,DF,29,28,26,2314,25.7,1,0,0,0,4,0,1.4,1.4,0.2,4,66,3,0.04,0,0.06,0.01,0.06,Seattle Sounders FC,6.50004,71.9092
Raúl Ruidíaz,PER,FW,31,18,14,1302,14.5,9,1,1,1,0,0,7.1,6.3,1.1,16,38,73,0.62,0.07,0.49,0.07,0.44,Seattle Sounders FC,24.72,320.112
Léo Chú,BRA,"FW,MF",21,25,8,817,9.1,0,2,0,0,1,0,2,2,1.1,27,18,84,0,0.22,0.22,0.13,0.22,Seattle Sounders FC,5.5,55
Rémi Walter,FRA,MF,26,34,34,2972,33,3,1,0,0,3,0,1.1,1.1,2.4,20,132,31,0.09,0.03,0.03,0.07,0.03,Sporting KC,8,80
Dániel Sallói,HUN,"FW,MF",25,29,28,2528,28.1,7,3,0,1,2,1,5.8,5,4.1,66,72,221,0.25,0.11,0.21000000000000002,0.15000000000000002,0.18,Sporting KC,4.5,50.6667
Andreu Fontàs,ESP,DF,32,28,27,2437,27.1,2,0,0,0,6,1,1.6,1.6,0.4,32,134,2,0.07,0,0.06,0.01,0.06,Sporting KC,11.25,112.5
Jake Davis,USA,"MF,FW",20,3,0,17,0.2,0,0,0,0,0,0,0,0,0,0,0,0,0,0,0,0,0,Sporting KC,0.655,6.55
Jesús Jiménez,ESP,FW,28,33,27,2342,26,9,3,0,0,2,0,7.8,7.8,4.1,36,62,139,0.35,0.12000000000000001,0.3,0.16,0.3,Toronto FC,8.15,93.4927
Lorenzo Insigne,ITA,"FW,MF",30,11,11,926,10.3,6,2,0,1,1,0,3.9,3.1,2.5,38,68,99,0.58,0.19,0.38,0.24000000000000002,0.3,Toronto FC,140,1400
Ralph Priso-Mbongue,CAN,MF,19,10,4,278,3.1,1,0,0,0,2,1,0.2,0.2,0.1,3,23,3,0.32,0,0.05,0.04,0.05,Toronto FC,0.85444,8.9195
Hugo-Hilaire Mbongue Mbongue,CAN,FW,17,1,0,23,0.3,0,0,0,0,0,0,0,0,0,0,0,1,0,0,0,0,0,Toronto FC,0.655,7.5078
Greg Ranjitsingh,TRI,GK,28,0,0,NA,NA,NA,NA,NA,NA,NA,NA,NA,NA,NA,NA,NA,NA,NA,NA,NA,NA,NA,Toronto FC,0.84,8.9167
Ranko Veselinović,SRB,DF,22,31,31,2761,30.7,1,2,0,0,5,0,0.8,0.8,1.1,4,49,0,0.03,0.07,0.03,0.04,0.03,Vancouver Whitecaps FC,4.05,49.05
Cristián Dajome,COL,"DF,MF",28,28,18,1797,20,2,4,0,1,5,1,3.1,2.3,2.9,71,87,164,0.1,0.2,0.15000000000000002,0.14,0.12000000000000001,Vancouver Whitecaps FC,7.5,81.5625
Andrés Cubas,PAR,MF,25,18,17,1349,15,1,0,0,0,2,0,0.3,0.3,0.2,4,79,10,0.07,0,0.02,0.02,0.02,Vancouver Whitecaps FC,9,90
Cristián Gutiérrez,CHI,DF,24,11,6,616,6.8,0,1,0,0,1,0,0.2,0.2,1.1,11,39,17,0,0.15000000000000002,0.03,0.16,0.03,Vancouver Whitecaps FC,2.5,26.75
Luís Martins,POR,"DF,MF",29,12,5,471,5.2,0,0,0,0,1,0,0.2,0.2,0.5,11,16,25,0,0,0.04,0.1,0.04,Vancouver Whitecaps FC,3,32.9
Caio Alexandre,BRA,"MF,DF",22,4,0,81,0.9,0,0,0,0,2,0,0.1,0.1,0.1,2,5,3,0,0,0.06,0.07,0.06,Vancouver Whitecaps FC,5,56.25
